1;RONGSOK;;RONGSOK;KG;NULL;;17/12/2018 13:00;1;0000-00-00 00:00:00;0
2;INGOT;04I0001;WIP;BATANG;NULL;;14/02/2018 10:02;1;14/02/2018 10:02;1
3;AMPAS;;AMPAS;KG;NULL;;14/02/2018 10:02;1;16/10/2018 12:10;1
4;TOLLING;;;;NULL;;14/02/2018 10:02;1;14/02/2018 10:02;1
5;KAWAT MERAH;;WIP;ROLL;NULL;;14/02/2018 10:02;1;14/02/2018 10:02;1
6;KAWAT HITAM;;WIP;ROLL;NULL;;25/02/2018 7:02;1;25/02/2018 7:02;1
7;BS;;RONGSOK;KG;NULL;;17/12/2018 13:00;0;0000-00-00 00:00:00;0
8;TALI CUCI;04T0001;WIP;KG;NULL;;0000-00-00 00:00:00;0;0000-00-00 00:00:00;0
14;SERBUK;;FG;KG;;;0000-00-00 00:00:00;1;16/01/2019 11:01;1
15;KAWAT HITAM KERAS;;ROLLING;ROLL;;;0000-00-00 00:00:00;0;17/01/2019 11:01;1
141;BC WIRE HARD 2,60MM;05BCH05;FG;KG;2600;;0000-00-00 00:00:00;0;28/12/2018 4:12;1
142;BCW 2,03 MM HARD;05BH002;FG;KG;2030;;0000-00-00 00:00:00;0;0000-00-00 00:00:00;0
143;BCW 2,05 MM HARD;05BH003;FG;KG;2050;;0000-00-00 00:00:00;0;0000-00-00 00:00:00;0
144;BCW 2,23 MM HARD;05BH004;FG;KG;2230;;0000-00-00 00:00:00;0;0000-00-00 00:00:00;0
145;BCW 2,50 MM HARD;05BH005;FG;KG;2500;;0000-00-00 00:00:00;0;0000-00-00 00:00:00;0
146;BCW 2,17 MM HARD;05BH007;FG;KG;2170;;0000-00-00 00:00:00;0;0000-00-00 00:00:00;0
147;BCW 2,21 MM HARD;05BH009;FG;KG;2210;;0000-00-00 00:00:00;0;0000-00-00 00:00:00;0
148;BCW 2,28 MM HARD;05BH014;FG;KG;2280;;0000-00-00 00:00:00;0;0000-00-00 00:00:00;0
149;BCW 2,40 MM HARD;05BH018;FG;KG;2400;;0000-00-00 00:00:00;0;0000-00-00 00:00:00;0
150;BCW 2,47 MM HARD;05BH019;FG;KG;2470;;0000-00-00 00:00:00;0;0000-00-00 00:00:00;0
151;BCW 2,52 MM HARD;05BH022;FG;KG;2520;;0000-00-00 00:00:00;0;0000-00-00 00:00:00;0
152;BCW 2,60 MM HARD;05BH024;FG;KG;2600;;0000-00-00 00:00:00;0;0000-00-00 00:00:00;0
153;BCW 2,66 MM HARD;05BH025;FG;KG;2660;;0000-00-00 00:00:00;0;0000-00-00 00:00:00;0
154;BCW 2,68 MM HARD;05BH026;FG;KG;2680;;0000-00-00 00:00:00;0;0000-00-00 00:00:00;0
155;BCW 2,70 MM HARD;05BH027;FG;KG;2700;;0000-00-00 00:00:00;0;0000-00-00 00:00:00;0
156;BCW 2,90 MM HARD;05BH034;FG;KG;2900;;0000-00-00 00:00:00;0;0000-00-00 00:00:00;0
157;BCW 2,96 MM HARD;05BH035;FG;KG;2960;;0000-00-00 00:00:00;0;0000-00-00 00:00:00;0
158;BCW 3,00 MM HARD;05BH037;FG;KG;3000;;0000-00-00 00:00:00;0;0000-00-00 00:00:00;0
159;BCW 3,20 MM HARD;05BH038;FG;KG;3200;;0000-00-00 00:00:00;0;0000-00-00 00:00:00;0
160;BCW 3,23 MM HARD;05BH039;FG;KG;3230;;0000-00-00 00:00:00;0;0000-00-00 00:00:00;0
161;BCW 3,40 MM HARD;05BH040;FG;KG;3400;;0000-00-00 00:00:00;0;0000-00-00 00:00:00;0
162;BCW 3,48 MM HARD;05BH041;FG;KG;3480;;0000-00-00 00:00:00;0;0000-00-00 00:00:00;0
163;BCW 3,57 MM HARD;05BH046;FG;KG;3570;;0000-00-00 00:00:00;0;0000-00-00 00:00:00;0
164;BCW 3,00 MM HARD;05BH051;FG;KG;3000;;0000-00-00 00:00:00;0;0000-00-00 00:00:00;0
165;BCW 3,29 MM HARD;05BH052;FG;KG;3290;;0000-00-00 00:00:00;0;0000-00-00 00:00:00;0
166;BCW 2,78 MM HARD;05BH054;FG;KG;2780;;0000-00-00 00:00:00;0;0000-00-00 00:00:00;0
167;BCW 2,09 MM HARD;05BH056;FG;KG;2090;;0000-00-00 00:00:00;0;0000-00-00 00:00:00;0
168;BCW 2,10 MM HARD;05BH057;FG;KG;2100;;0000-00-00 00:00:00;0;0000-00-00 00:00:00;0
169;BCW 2,48 MM HARD;05BH058;FG;KG;2480;;0000-00-00 00:00:00;0;0000-00-00 00:00:00;0
170;BCW 2,29 MM HARD;05BH059;FG;KG;2290;;0000-00-00 00:00:00;0;0000-00-00 00:00:00;0
171;BCW 2,56 MM HARD;05BH060;FG;KG;2560;;0000-00-00 00:00:00;0;0000-00-00 00:00:00;0
172;BCW 2,90 MM HARD I;05BHI34;FG;KG;2900;;0000-00-00 00:00:00;0;0000-00-00 00:00:00;0
173;BCW 2,56 MM HARD I;05BHI60;FG;KG;2560;;0000-00-00 00:00:00;0;0000-00-00 00:00:00;0
174;BCW 2,78 MM HARD TMS;05BHT01;FG;KG;2780;;0000-00-00 00:00:00;0;0000-00-00 00:00:00;0
175;BCW 2,50 MM HARD TMS;05BHT02;FG;KG;2500;;0000-00-00 00:00:00;0;0000-00-00 00:00:00;0
176;BCW 2,90 MM HARD TMS;05BHT03;FG;KG;2900;;0000-00-00 00:00:00;0;0000-00-00 00:00:00;0
177;BCW 3,57 MM HARD TMS;05BHT04;FG;KG;3570;;0000-00-00 00:00:00;0;0000-00-00 00:00:00;0
178;BCW 2,00 MM HARD TMS;05BHT05;FG;KG;2000;;0000-00-00 00:00:00;0;0000-00-00 00:00:00;0
179;BCW 2,76 MM HARD TMS;05BHT06;FG;KG;2760;;0000-00-00 00:00:00;0;0000-00-00 00:00:00;0
180;BCW 3,57 MM HARD TMS;05BHT07;FG;KG;3570;;0000-00-00 00:00:00;0;0000-00-00 00:00:00;0
181;BCW 2,60 MM HARD TMS;05BHT08;FG;KG;2600;;0000-00-00 00:00:00;0;0000-00-00 00:00:00;0
182;BCW 3,58 MM HARD TMS;05BHT09;FG;KG;3580;;0000-00-00 00:00:00;0;0000-00-00 00:00:00;0
183;BCW 2,77 MM HARD TMS;05BHT10;FG;KG;2770;;0000-00-00 00:00:00;0;0000-00-00 00:00:00;0
184;BCW 2,00 MM SOFT  I;05BI001;FG;KG;2000;;0000-00-00 00:00:00;0;0000-00-00 00:00:00;0
185;BCW 2,03 MM SOFT I;05BI002;FG;KG;2030;;0000-00-00 00:00:00;0;0000-00-00 00:00:00;0
186;BCW 2,18 MM SOFT  I;05BI003;FG;KG;2180;;0000-00-00 00:00:00;0;0000-00-00 00:00:00;0
187;BCW 2,10 MM SOFT  I;05BI004;FG;KG;2100;;0000-00-00 00:00:00;0;0000-00-00 00:00:00;0
188;BCW 2,13 MM SOFT I;05BI005;FG;KG;2130;;0000-00-00 00:00:00;0;0000-00-00 00:00:00;0
189;BCW 2,14 MM SOFT  I;05BI006;FG;KG;2140;;0000-00-00 00:00:00;0;0000-00-00 00:00:00;0
190;BCW 2,17 MM SOFT  I;05BI007;FG;KG;2170;;0000-00-00 00:00:00;0;0000-00-00 00:00:00;0
191;BCW 2,20 MM SOFT I;05BI008;FG;KG;2200;;0000-00-00 00:00:00;0;0000-00-00 00:00:00;0
192;BCW 2,21 MM SOFT  I;05BI009;FG;KG;2210;;0000-00-00 00:00:00;0;0000-00-00 00:00:00;0
193;BCW 2,26 MM SOFT I;05BI010;FG;KG;2260;;0000-00-00 00:00:00;0;0000-00-00 00:00:00;0
194;BCW 2,25 MM SOFT I;05BI011;FG;KG;2250;;0000-00-00 00:00:00;0;0000-00-00 00:00:00;0
195;BCW 2,26 MM SOFT I;05BI012;FG;KG;2260;;0000-00-00 00:00:00;0;0000-00-00 00:00:00;0
196;BCW 2,50 MM SOFT I;05BI021;FG;KG;2500;;0000-00-00 00:00:00;0;0000-00-00 00:00:00;0
197;BCW 2,52 MM SOFT  I;05BI022;FG;KG;2520;;0000-00-00 00:00:00;0;0000-00-00 00:00:00;0
198;BCW 2,80 MM SOFT I;05BI032;FG;KG;2800;;0000-00-00 00:00:00;0;0000-00-00 00:00:00;0
199;BCW 2,23 MM SOFT I;05BI036;FG;KG;2230;;0000-00-00 00:00:00;0;0000-00-00 00:00:00;0
200;BCW 3,50 MM SOFT I;05BI042;FG;KG;3500;;0000-00-00 00:00:00;0;0000-00-00 00:00:00;0
201;BCW 2,45 MM SOFT I;05BI050;FG;KG;2450;;0000-00-00 00:00:00;0;0000-00-00 00:00:00;0
202;BCW 2,16 MM SOFT I;05BI060;FG;KG;2160;;0000-00-00 00:00:00;0;0000-00-00 00:00:00;0
203;BCW 2,90 MM HARD I;05BIH34;FG;KG;2900;;0000-00-00 00:00:00;0;0000-00-00 00:00:00;0
204;BCW 2,56 MM HARH I;05BIH60;FG;KG;2560;;0000-00-00 00:00:00;0;0000-00-00 00:00:00;0
205;BCW 2,00 MM SOFT;05BS001;FG;KG;2000;;0000-00-00 00:00:00;0;0000-00-00 00:00:00;0
206;BCW 2,03 MM SOFT;05BS002;FG;KG;2030;;0000-00-00 00:00:00;0;0000-00-00 00:00:00;0
207;BCW 2,18 MM SOFT;05BS003;FG;KG;2180;;0000-00-00 00:00:00;0;0000-00-00 00:00:00;0
208;BCW 2,10 MM SOFT;05BS004;FG;KG;2100;;0000-00-00 00:00:00;0;0000-00-00 00:00:00;0
209;BCW 2,13 MM SOFT;05BS005;FG;KG;2130;;0000-00-00 00:00:00;0;0000-00-00 00:00:00;0
210;BCW 2,14 MM SOFT;05BS006;FG;KG;2140;;0000-00-00 00:00:00;0;0000-00-00 00:00:00;0
211;BCW 2,17 MM SOFT;05BS007;FG;KG;2170;;0000-00-00 00:00:00;0;0000-00-00 00:00:00;0
212;BCW 2,20 MM SOFT;05BS008;FG;KG;2200;;0000-00-00 00:00:00;0;0000-00-00 00:00:00;0
213;BCW 2,21 MM SOFT;05BS009;FG;KG;2210;;0000-00-00 00:00:00;0;0000-00-00 00:00:00;0
214;BCW 2,24 MM SOFT;05BS010;FG;KG;2240;;0000-00-00 00:00:00;0;0000-00-00 00:00:00;0
215;BCW 2,25 MM SOFT;05BS011;FG;KG;2250;;0000-00-00 00:00:00;0;0000-00-00 00:00:00;0
216;BCW 2,26 MM SOFT;05BS012;FG;KG;2260;;0000-00-00 00:00:00;0;0000-00-00 00:00:00;0
217;BCW 2,27 MM SOFT;05BS013;FG;KG;2270;;0000-00-00 00:00:00;0;0000-00-00 00:00:00;0
218;BCW 2,28 MM SOFT;05BS014;FG;KG;2280;;0000-00-00 00:00:00;0;0000-00-00 00:00:00;0
219;BCW 2,30 MM SOFT;05BS015;FG;KG;2300;;0000-00-00 00:00:00;0;0000-00-00 00:00:00;0
220;BCW 2,33 MM SOFT;05BS016;FG;KG;2330;;0000-00-00 00:00:00;0;0000-00-00 00:00:00;0
221;BCW 2,34 MM SOFT;05BS017;FG;KG;2340;;0000-00-00 00:00:00;0;0000-00-00 00:00:00;0
222;BCW 2.43 MM SOFT;05BS018;FG;KG;2430;;0000-00-00 00:00:00;0;0000-00-00 00:00:00;0
223;BCW 2,53 MM SOFT;05BS019;FG;KG;2530;;0000-00-00 00:00:00;0;0000-00-00 00:00:00;0
224;BCW 2,49 MM SOFT;05BS020;FG;KG;2490;;0000-00-00 00:00:00;0;0000-00-00 00:00:00;0
225;BCW 2,50 MM SOFT;05BS021;FG;KG;2500;;0000-00-00 00:00:00;0;0000-00-00 00:00:00;0
226;BCW 2,52 MM SOFT;05BS022;FG;KG;2520;;0000-00-00 00:00:00;0;0000-00-00 00:00:00;0
227;BCW 2,59 MM SOFT;05BS023;FG;KG;2590;;0000-00-00 00:00:00;0;0000-00-00 00:00:00;0
228;BCW 2,60 MM SOFT;05BS024;FG;KG;2600;;0000-00-00 00:00:00;0;0000-00-00 00:00:00;0
229;BCW 2,66 MM SOFT;05BS025;FG;KG;2660;;0000-00-00 00:00:00;0;0000-00-00 00:00:00;0
230;BCW 2,70 MM SOFT;05BS027;FG;KG;2700;;0000-00-00 00:00:00;0;0000-00-00 00:00:00;0
231;BCW 2,75 MM SOFT ;05BS028;FG;KG;2750;;0000-00-00 00:00:00;0;0000-00-00 00:00:00;0
232;BCW 2,76 MM SOFT;05BS029;FG;KG;2760;;0000-00-00 00:00:00;0;0000-00-00 00:00:00;0
233;BCW 2,77 MM SOFT;05BS030;FG;KG;2770;;0000-00-00 00:00:00;0;0000-00-00 00:00:00;0
234;BCW 2,78 MM SOFT;05BS031;FG;KG;2780;;0000-00-00 00:00:00;0;0000-00-00 00:00:00;0
235;BCW 2,80 MM SOFT;05BS032;FG;KG;2800;;0000-00-00 00:00:00;0;0000-00-00 00:00:00;0
236;BCW 2,89 MM SOFT;05BS033;FG;KG;2890;;0000-00-00 00:00:00;0;0000-00-00 00:00:00;0
237;BCW 2,73 MM SOFT;05BS034;FG;KG;2730;;0000-00-00 00:00:00;0;0000-00-00 00:00:00;0
238;BCW 2,96 MM SOFT;05BS035;FG;KG;2960;;0000-00-00 00:00:00;0;0000-00-00 00:00:00;0
239;BCW 2,23 MM SOFT;05BS036;FG;KG;2230;;0000-00-00 00:00:00;0;0000-00-00 00:00:00;0
240;BCW 3,00 MM SOFT;05BS037;FG;KG;3000;;0000-00-00 00:00:00;0;0000-00-00 00:00:00;0
241;BCW 3,20 MM SOFT;05BS038;FG;KG;3200;;0000-00-00 00:00:00;0;0000-00-00 00:00:00;0
242;BCW 3,40 MM SOFT;05BS040;FG;KG;3400;;0000-00-00 00:00:00;0;0000-00-00 00:00:00;0
243;BCW 3,48 MM SOFT;05BS041;FG;KG;3480;;0000-00-00 00:00:00;0;0000-00-00 00:00:00;0
244;BCW 3,50 MM SOFT;05BS042;FG;KG;3500;;0000-00-00 00:00:00;0;0000-00-00 00:00:00;0
245;BCW 3,52 MM SOFT;05BS043;FG;KG;3520;;0000-00-00 00:00:00;0;0000-00-00 00:00:00;0
246;BCW 3,55 MM SOFT;05BS044;FG;KG;3550;;0000-00-00 00:00:00;0;0000-00-00 00:00:00;0
247;BCW 3,56 MM SOFT;05BS045;FG;KG;3560;;0000-00-00 00:00:00;0;0000-00-00 00:00:00;0
248;BCW 3,57 MM SOFT;05BS046;FG;KG;3570;;0000-00-00 00:00:00;0;0000-00-00 00:00:00;0
249;BCW 3,58 MM SOFT;05BS047;FG;KG;3580;;0000-00-00 00:00:00;0;0000-00-00 00:00:00;0
250;BCW 3,45 MM SOFT;05BS048;FG;KG;3450;;0000-00-00 00:00:00;0;0000-00-00 00:00:00;0
251;BCW 3,51 MM SOFT;05BS049;FG;KG;3510;;0000-00-00 00:00:00;0;0000-00-00 00:00:00;0
252;BCW 2,45 MM SOFT;05BS050;FG;KG;2450;;0000-00-00 00:00:00;0;0000-00-00 00:00:00;0
253;BCW 3,70 MM SOFT;05BS051;FG;KG;3700;;0000-00-00 00:00:00;0;0000-00-00 00:00:00;0
254;BCW 2,07 MM SOFT;05BS052;FG;KG;2070;;0000-00-00 00:00:00;0;0000-00-00 00:00:00;0
255;BCW 2,19 MM SOFT;05BS053;FG;KG;2190;;0000-00-00 00:00:00;0;0000-00-00 00:00:00;0
256;BCW 2,67 MM SOFT;05BS054;FG;KG;2670;;0000-00-00 00:00:00;0;0000-00-00 00:00:00;0
257;BCW 2,40 MM SOFT;05BS055;FG;KG;2400;;0000-00-00 00:00:00;0;0000-00-00 00:00:00;0
258;BCW 2,90 MM SOFT;05BS056;FG;KG;2900;;0000-00-00 00:00:00;0;0000-00-00 00:00:00;0
259;BCW 3,60 MM SOFT;05BS057;FG;KG;3600;;0000-00-00 00:00:00;0;0000-00-00 00:00:00;0
260;BCW 2,08 MM SOFT;05BS058;FG;KG;2080;;0000-00-00 00:00:00;0;0000-00-00 00:00:00;0
261;BCW 2,15 MM SOFT;05BS059;FG;KG;2150;;0000-00-00 00:00:00;0;0000-00-00 00:00:00;0
262;BCW 2,16 MM SOFT;05BS060;FG;KG;2160;;0000-00-00 00:00:00;0;0000-00-00 00:00:00;0
263;BCW 2,09 MM SOFT;05BS061;FG;KG;2090;;0000-00-00 00:00:00;0;0000-00-00 00:00:00;0
264;BCW 2,48 MM SOFT;05BS062;FG;KG;2480;;0000-00-00 00:00:00;0;0000-00-00 00:00:00;0
265;BCW 2,65 MM SOFT;05BS063;FG;KG;2650;;0000-00-00 00:00:00;0;0000-00-00 00:00:00;0
266;BCW 2,46 MM SOFT;05BS064;FG;KG;2460;;0000-00-00 00:00:00;0;0000-00-00 00:00:00;0
267;BCW 2,098 MM SOFT;05BS065;FG;KG;2090;;0000-00-00 00:00:00;0;0000-00-00 00:00:00;0
268;BCW 3,31 MM SOFT;05BS066;FG;KG;3310;;0000-00-00 00:00:00;0;0000-00-00 00:00:00;0
269;BCW 2,65 MM SOFT TMS;05BT006;FG;KG;2650;;0000-00-00 00:00:00;0;0000-00-00 00:00:00;0
270;BCW 2,17 MM SOFT TMS;05BT007;FG;KG;2170;;0000-00-00 00:00:00;0;0000-00-00 00:00:00;0
271;BCW 2,26 MM SOFT TMS;05BT010;FG;KG;2260;;0000-00-00 00:00:00;0;0000-00-00 00:00:00;0
272;BCW 2,52 MM SOFT TMS;05BT022;FG;KG;2520;;0000-00-00 00:00:00;0;0000-00-00 00:00:00;0
273;BCW 2,60 MM SOFT TMS;05BT024;FG;KG;2600;;0000-00-00 00:00:00;0;0000-00-00 00:00:00;0
274;BCW 3,57 MM SOFT TMS;05BT046;FG;KG;3570;;0000-00-00 00:00:00;0;0000-00-00 00:00:00;0
275;BCW 3,60 MM SOFT TMS;05BT049;FG;KG;3600;;0000-00-00 00:00:00;0;0000-00-00 00:00:00;0
276;BCW 2,88 MM SOFT TMS;05BT050;FG;KG;2880;;0000-00-00 00:00:00;0;0000-00-00 00:00:00;0
277;BCW 2,07 MM SOFT TMS;05BT051;FG;KG;2070;;0000-00-00 00:00:00;0;0000-00-00 00:00:00;0
278;BCW 2,90 MM SOFT TMS;05BT054;FG;KG;2900;;0000-00-00 00:00:00;0;0000-00-00 00:00:00;0
279;BCW 2,23 MM SOFT TMS;05BT055;FG;KG;2230;;0000-00-00 00:00:00;0;0000-00-00 00:00:00;0
280;BCW 2,76 MM SOFT TMS;05BT056;FG;KG;2760;;0000-00-00 00:00:00;0;0000-00-00 00:00:00;0
281;BCW 2,78 MM SOFT TMS;05BT057;FG;KG;2780;;0000-00-00 00:00:00;0;0000-00-00 00:00:00;0
282;BCW 2,96 MM SOFT TMS;05BT058;FG;KG;2960;;0000-00-00 00:00:00;0;0000-00-00 00:00:00;0
283;BCW 2,28 MM SOFT TMS;05BT059;FG;KG;2280;;0000-00-00 00:00:00;0;0000-00-00 00:00:00;0
284;BCW 2,05 MM SOFT TMS;05BT060;FG;KG;2050;;0000-00-00 00:00:00;0;0000-00-00 00:00:00;0
285;BCW 2,53 MM SOFT TMS;05BT061;FG;KG;2530;;0000-00-00 00:00:00;0;0000-00-00 00:00:00;0
286;BCW 2,57 MM SOFT TMS;05BT062;FG;KG;2570;;0000-00-00 00:00:00;0;0000-00-00 00:00:00;0
287;BCW 3,02 MM SOFT TMS;05BT063;FG;KG;3020;;0000-00-00 00:00:00;0;0000-00-00 00:00:00;0
288;BCW 2,17 MM SOFT TMS;05BT064;FG;KG;2170;;0000-00-00 00:00:00;0;0000-00-00 00:00:00;0
289;BCW 2,14 MM SOFT TMS;05BT065;FG;KG;2140;;0000-00-00 00:00:00;0;0000-00-00 00:00:00;0
290;BCW 2,25 MM SOFT TMS;05BT066;FG;KG;2250;;0000-00-00 00:00:00;0;0000-00-00 00:00:00;0
291;BCW 2,39 MM SOFT TMS;05BT067;FG;KG;2390;;0000-00-00 00:00:00;0;0000-00-00 00:00:00;0
292;BCW 3,70 MM SOFT TMS;05BT068;FG;KG;3700;;0000-00-00 00:00:00;0;0000-00-00 00:00:00;0
293;BCW 2,20 MM SOFT TMS;05BT069;FG;KG;2200;;0000-00-00 00:00:00;0;0000-00-00 00:00:00;0
294;BCW 2,27 MM SOFT TMS;05BT070;FG;KG;2270;;0000-00-00 00:00:00;0;0000-00-00 00:00:00;0
295;BCW 3,02 MM SOFT TMS;05BT071;FG;KG;3020;;0000-00-00 00:00:00;0;0000-00-00 00:00:00;0
296;BCW 2,19 MM SOFT TMS;05BT072;FG;KG;2190;;0000-00-00 00:00:00;0;0000-00-00 00:00:00;0
297;BCW 2,21 MM SOFT TMS;05BT073;FG;KG;2210;;0000-00-00 00:00:00;0;0000-00-00 00:00:00;0
298;BCW 2,30 MM SOFT TMS;05BT074;FG;KG;2300;;0000-00-00 00:00:00;0;0000-00-00 00:00:00;0
299;EIW 0,28 MM TYPE 1;5.00E+01;FG;KG;280;;0000-00-00 00:00:00;0;0000-00-00 00:00:00;0
300;EIW 1,80 MM TYPE 1;5.00E+02;FG;KG;1800;;0000-00-00 00:00:00;0;0000-00-00 00:00:00;0
301;BCW 0,40 MM HARD;05HH001;FG;KG;400;;0000-00-00 00:00:00;0;0000-00-00 00:00:00;0
302;BCW 0,45 MM HARD;05HH002;FG;KG;450;;0000-00-00 00:00:00;0;0000-00-00 00:00:00;0
303;BCW 0,47 MM HARD;05HH003;FG;KG;470;;0000-00-00 00:00:00;0;0000-00-00 00:00:00;0
304;BCW 0,50 MM HARD;05HH004;FG;KG;500;;0000-00-00 00:00:00;0;0000-00-00 00:00:00;0
305;BCW 0,51 MM HARD;05HH005;FG;KG;510;;0000-00-00 00:00:00;0;0000-00-00 00:00:00;0
306;BCW 0,57 MM HARD;05HH006;FG;KG;570;;0000-00-00 00:00:00;0;0000-00-00 00:00:00;0
307;BCW 0,59 MM HARD;05HH007;FG;KG;590;;0000-00-00 00:00:00;0;0000-00-00 00:00:00;0
308;BCW 0,60 MM HARD;05HH008;FG;KG;600;;0000-00-00 00:00:00;0;0000-00-00 00:00:00;0
309;BCW 0,63 MM HARD;05HH009;FG;KG;630;;0000-00-00 00:00:00;0;0000-00-00 00:00:00;0
310;BCW 0,65 MM HARD;05HH010;FG;KG;650;;0000-00-00 00:00:00;0;0000-00-00 00:00:00;0
311;BCW 0,67 MM HARD;05HH012;FG;KG;670;;0000-00-00 00:00:00;0;0000-00-00 00:00:00;0
312;BCW 0,68 MM HARD;05HH014;FG;KG;680;;0000-00-00 00:00:00;0;0000-00-00 00:00:00;0
313;BCW 0,70 MM HARD;05HH015;FG;KG;700;;0000-00-00 00:00:00;0;0000-00-00 00:00:00;0
314;BCW 0,72 MM HARD;05HH016;FG;KG;720;;0000-00-00 00:00:00;0;0000-00-00 00:00:00;0
315;BCW 0,75 MM HARD;05HH018;FG;KG;750;;0000-00-00 00:00:00;0;0000-00-00 00:00:00;0
316;BCW 0,77 MM HARD;05HH019;FG;KG;770;;0000-00-00 00:00:00;0;0000-00-00 00:00:00;0
317;BCW 0,78 MM HARD;05HH020;FG;KG;780;;0000-00-00 00:00:00;0;0000-00-00 00:00:00;0
318;BCW 0,80 MM HARD;05HH021;FG;KG;800;;0000-00-00 00:00:00;0;0000-00-00 00:00:00;0
319;BCW 0,83 MM HARD;05HH022;FG;KG;830;;0000-00-00 00:00:00;0;0000-00-00 00:00:00;0
320;BCW 0,85 MM HARD;05HH024;FG;KG;850;;0000-00-00 00:00:00;0;0000-00-00 00:00:00;0
321;BCW 0,87 MM HARD;05HH025;FG;KG;870;;0000-00-00 00:00:00;0;0000-00-00 00:00:00;0
322;BCW 0,89 MM HARD;05HH026;FG;KG;890;;0000-00-00 00:00:00;0;0000-00-00 00:00:00;0
323;BCW 0,90 MM HARD;05HH027;FG;KG;900;;0000-00-00 00:00:00;0;0000-00-00 00:00:00;0
324;BCW 0,95 MM HARD;05HH028;FG;KG;950;;0000-00-00 00:00:00;0;0000-00-00 00:00:00;0
325;BCW 0,73 MM HARD;05HH029;FG;KG;730;;0000-00-00 00:00:00;0;0000-00-00 00:00:00;0
326;BCW 0,97 MM HARD;05HH030;FG;KG;970;;0000-00-00 00:00:00;0;0000-00-00 00:00:00;0
327;BCW 0,98 MM HARD;05HH031;FG;KG;980;;0000-00-00 00:00:00;0;0000-00-00 00:00:00;0
328;BCW 0,55 MM HARD;05HH032;FG;KG;55;;0000-00-00 00:00:00;0;0000-00-00 00:00:00;0
329;BCW 0,93 MM HARD;05HH049;FG;KG;93;;0000-00-00 00:00:00;0;0000-00-00 00:00:00;0
330;BCW 0,52 MM HARD;05HH056;FG;KG;52;;0000-00-00 00:00:00;0;0000-00-00 00:00:00;0
331;BCW 0,62 MM HARD;05HH057;FG;KG;62;;0000-00-00 00:00:00;0;0000-00-00 00:00:00;0
332;BCW 0,82 MM HARD;05HH058;FG;KG;82;;0000-00-00 00:00:00;0;0000-00-00 00:00:00;0
333;BCW 0,53 MM HARD;05HH059;FG;KG;53;;0000-00-00 00:00:00;0;0000-00-00 00:00:00;0
334;BCW 0,40 MM SOFT I;05HI001;FG;KG;40;;0000-00-00 00:00:00;0;0000-00-00 00:00:00;0
335;BCW 0,50 MM SOFT I;05HI004;FG;KG;50;;0000-00-00 00:00:00;0;0000-00-00 00:00:00;0
336;BCW 0,60 MM SOFT I;05HI008;FG;KG;60;;0000-00-00 00:00:00;0;0000-00-00 00:00:00;0
337;BCW 0,70 MM SOFT I;05HI015;FG;KG;70;;0000-00-00 00:00:00;0;0000-00-00 00:00:00;0
338;BCW 0,80 MM SOFT I;05HI021;FG;KG;80;;0000-00-00 00:00:00;0;0000-00-00 00:00:00;0
339;BCW 0,35 MM SOFT I;05HI059;FG;KG;35;;0000-00-00 00:00:00;0;0000-00-00 00:00:00;0
340;BCW 0,50 MM 1/2 HARD;05HN004;FG;KG;50;;0000-00-00 00:00:00;0;0000-00-00 00:00:00;0
341;BCW 0,67 1/2 MM HARD;05HN012;FG;KG;67;;0000-00-00 00:00:00;0;0000-00-00 00:00:00;0
342;BCW 0,70 MM 1/2 HARD;05HN015;FG;KG;70;;0000-00-00 00:00:00;0;0000-00-00 00:00:00;0
343;BCW 0,75 MM 1/2 HARD;05HN018;FG;KG;75;;0000-00-00 00:00:00;0;0000-00-00 00:00:00;0
344;BCW 0,80 MM 1/2 HARD;05HN021;FG;KG;80;;0000-00-00 00:00:00;0;0000-00-00 00:00:00;0
345;BCW 0,83 MM 1/2 HARD;05HN022;FG;KG;83;;0000-00-00 00:00:00;0;0000-00-00 00:00:00;0
346;BCW 0,89 MM 1/2 HARD;05HN026;FG;KG;89;;0000-00-00 00:00:00;0;0000-00-00 00:00:00;0
347;BCW 0,90 MM 1/2 HARD;05HN027;FG;KG;90;;0000-00-00 00:00:00;0;0000-00-00 00:00:00;0
348;BCW 0,40 MM SOFT;05HS001;FG;KG;40;;0000-00-00 00:00:00;0;0000-00-00 00:00:00;0
349;BCW 0,45 MM SOFT;05HS002;FG;KG;45;;0000-00-00 00:00:00;0;0000-00-00 00:00:00;0
350;BCW 0,47 MM SOFT;05HS003;FG;KG;47;;0000-00-00 00:00:00;0;0000-00-00 00:00:00;0
351;BCW 0,50 MM SOFT;05HS004;FG;KG;50;;0000-00-00 00:00:00;0;0000-00-00 00:00:00;0
352;BCW 0,51 MM SOFT;05HS005;FG;KG;51;;0000-00-00 00:00:00;0;0000-00-00 00:00:00;0
353;BCW 0,57 MM SOFT;05HS006;FG;KG;57;;0000-00-00 00:00:00;0;0000-00-00 00:00:00;0
354;BCW 0,59 MM SOFT;05HS007;FG;KG;59;;0000-00-00 00:00:00;0;0000-00-00 00:00:00;0
355;BCW 0,60 MM SOFT;05HS008;FG;KG;60;;0000-00-00 00:00:00;0;0000-00-00 00:00:00;0
356;BCW 0,63 MM SOFT;05HS009;FG;KG;63;;0000-00-00 00:00:00;0;0000-00-00 00:00:00;0
357;BCW 0,65 MM SOFT;05HS010;FG;KG;65;;0000-00-00 00:00:00;0;0000-00-00 00:00:00;0
358;BCW 0,67 MM SOFT;05HS012;FG;KG;67;;0000-00-00 00:00:00;0;0000-00-00 00:00:00;0
359;BCW 0,68 MM SOFT;05HS014;FG;KG;68;;0000-00-00 00:00:00;0;0000-00-00 00:00:00;0
360;BCW 0,70 MM SOFT;05HS015;FG;KG;70;;0000-00-00 00:00:00;0;0000-00-00 00:00:00;0
361;BCW 0,72 MM SOFT;05HS016;FG;KG;72;;0000-00-00 00:00:00;0;0000-00-00 00:00:00;0
362;BCW 0,74 MM SOFT;05HS017;FG;KG;74;;0000-00-00 00:00:00;0;0000-00-00 00:00:00;0
363;BCW 0,75 MM SOFT;05HS018;FG;KG;75;;0000-00-00 00:00:00;0;0000-00-00 00:00:00;0
364;BCW 0,77 MM SOFT;05HS019;FG;KG;77;;0000-00-00 00:00:00;0;0000-00-00 00:00:00;0
365;BCW 0,78 MM SOFT;05HS020;FG;KG;78;;0000-00-00 00:00:00;0;0000-00-00 00:00:00;0
366;BCW 0,80 MM SOFT;05HS021;FG;KG;80;;0000-00-00 00:00:00;0;0000-00-00 00:00:00;0
367;BCW 0,83 MM SOFT;05HS022;FG;KG;83;;0000-00-00 00:00:00;0;0000-00-00 00:00:00;0
368;BCW 0,84 MM SOFT;05HS023;FG;KG;84;;0000-00-00 00:00:00;0;0000-00-00 00:00:00;0
369;BCW 0,85 MM SOFT;05HS024;FG;KG;85;;0000-00-00 00:00:00;0;0000-00-00 00:00:00;0
370;BCW 0,87 MM SOFT;05HS025;FG;KG;87;;0000-00-00 00:00:00;0;0000-00-00 00:00:00;0
371;BCW 0,89 MM SOFT;05HS026;FG;KG;89;;0000-00-00 00:00:00;0;0000-00-00 00:00:00;0
372;BCW 0,90 MM SOFT;05HS027;FG;KG;90;;0000-00-00 00:00:00;0;0000-00-00 00:00:00;0
373;BCW 0,95 MM SOFT;05HS028;FG;KG;95;;0000-00-00 00:00:00;0;0000-00-00 00:00:00;0
374;BCW 0,73 MM SOFT;05HS029;FG;KG;73;;0000-00-00 00:00:00;0;0000-00-00 00:00:00;0
375;BCW 0,97 MM SOFT;05HS030;FG;KG;97;;0000-00-00 00:00:00;0;0000-00-00 00:00:00;0
376;BCW 0,98 MM SOFT;05HS031;FG;KG;98;;0000-00-00 00:00:00;0;0000-00-00 00:00:00;0
377;BCW 0,53 MM SOFT;05HS032;FG;KG;53;;0000-00-00 00:00:00;0;0000-00-00 00:00:00;0
378;BCW 0,54 MM SOFT;05HS057;FG;KG;54;;0000-00-00 00:00:00;0;0000-00-00 00:00:00;0
379;BCW 0,55 MM SOFT;05HS058;FG;KG;55;;0000-00-00 00:00:00;0;0000-00-00 00:00:00;0
380;BCW 0,35 MM SOFT;05HS059;FG;KG;35;;0000-00-00 00:00:00;0;0000-00-00 00:00:00;0
381;BCW 0,81 MM SOFT;05HS060;FG;KG;81;;0000-00-00 00:00:00;0;0000-00-00 00:00:00;0
382;BCW 0,76 MM SOFT;05HS061;FG;KG;76;;0000-00-00 00:00:00;0;0000-00-00 00:00:00;0
383;BCW 0,52 MM SOFT;05HS062;FG;KG;52;;0000-00-00 00:00:00;0;0000-00-00 00:00:00;0
384;BCW 0,495 MM SOFT;05HS063;FG;KG;49;;0000-00-00 00:00:00;0;0000-00-00 00:00:00;0
385;BCW 0,40 MM TMS SOFT;05HT001;FG;KG;40;;0000-00-00 00:00:00;0;0000-00-00 00:00:00;0
386;BCW 0,85 MM TMS SOFT;05HT002;FG;KG;85;;0000-00-00 00:00:00;0;0000-00-00 00:00:00;0
387;BCW 0,50 MM TMS SOFT;05HT004;FG;KG;50;;0000-00-00 00:00:00;0;0000-00-00 00:00:00;0
388;BCW 0.51 MM TMS SOFT;05HT005;FG;KG;51;;0000-00-00 00:00:00;0;0000-00-00 00:00:00;0
389;BCW 0,60 MM TMS SOFT ;05HT008;FG;KG;60;;0000-00-00 00:00:00;0;0000-00-00 00:00:00;0
390;BCW 0,80 MM TMS SOFT;05HT021;FG;KG;80;;0000-00-00 00:00:00;0;0000-00-00 00:00:00;0
391;BCW 0,87 MM TMS SOFT;05HT025;FG;KG;87;;0000-00-00 00:00:00;0;0000-00-00 00:00:00;0
392;BCW 0,55 MM TMS SOFT;05HT032;FG;KG;55;;0000-00-00 00:00:00;0;0000-00-00 00:00:00;0
393;BCW 0,41 MM TMS;05HT056;FG;KG;41;;0000-00-00 00:00:00;0;0000-00-00 00:00:00;0
394;BCW 0,63 MM TMS SOFT;05HT063;FG;KG;63;;0000-00-00 00:00:00;0;0000-00-00 00:00:00;0
395;BCW 0,61 MM TMS SOFT;05HT064;FG;KG;61;;0000-00-00 00:00:00;0;0000-00-00 00:00:00;0
396;BCW 0,67 MM TMS SOFT;05HT065;FG;KG;67;;0000-00-00 00:00:00;0;0000-00-00 00:00:00;0
397;PEW 0,28 MM (TYPE 1);05P0001;FG;KG;28;;0000-00-00 00:00:00;0;0000-00-00 00:00:00;0
398;PEW 2,50 MM;05P0002;FG;KG;2500;;0000-00-00 00:00:00;0;0000-00-00 00:00:00;0
399;PEW 0,50 MM TYPE 2;05P0003;FG;KG;50;;0000-00-00 00:00:00;0;0000-00-00 00:00:00;0
400;BCW 0,10 MM HARD;05RH001;FG;KG;10;;0000-00-00 00:00:00;0;0000-00-00 00:00:00;0
401;BCW 0,11 MM HARD;05RH002;FG;KG;11;;0000-00-00 00:00:00;0;0000-00-00 00:00:00;0
402;BCW 0,12 MM HARD;05RH003;FG;KG;12;;0000-00-00 00:00:00;0;0000-00-00 00:00:00;0
403;BCW 0,14 MM HARD;05RH004;FG;KG;14;;0000-00-00 00:00:00;0;0000-00-00 00:00:00;0
404;BCW 0,14 MM 1/2 HARD;05RH005;FG;KG;14;;0000-00-00 00:00:00;0;0000-00-00 00:00:00;0
405;BCW 0,16 MM HARD;05RH007;FG;KG;16;;0000-00-00 00:00:00;0;0000-00-00 00:00:00;0
406;BCW 0,17 MM HARD;05RH008;FG;KG;17;;0000-00-00 00:00:00;0;0000-00-00 00:00:00;0
407;BCW 0,18 MM HARD;05RH009;FG;KG;18;;0000-00-00 00:00:00;0;0000-00-00 00:00:00;0
408;BCW 0,24 MM HARD;05RH014;FG;KG;24;;0000-00-00 00:00:00;0;0000-00-00 00:00:00;0
409;BCW 0,10 MM HARD TMS;05RHT01;FG;KG;10;;0000-00-00 00:00:00;0;0000-00-00 00:00:00;0
410;BCW 0,11 MM HARD TMS;05RHT02;FG;KG;11;;0000-00-00 00:00:00;0;0000-00-00 00:00:00;0
411;BCW 0,80 MM HARD TMS;05RHT03;FG;KG;80;;0000-00-00 00:00:00;0;0000-00-00 00:00:00;0
412;BCW 0,18 MM SOFT I;05RI009;FG;KG;18;;0000-00-00 00:00:00;0;0000-00-00 00:00:00;0
413;BCW 0,20 MM SOFT I;05RI010;FG;KG;20;;0000-00-00 00:00:00;0;0000-00-00 00:00:00;0
414;BCW 0,25 MM SOFT I;05RI015;FG;KG;25;;0000-00-00 00:00:00;0;0000-00-00 00:00:00;0
415;BCW 0,255 MM SOFT I;05RI017;FG;KG;25;;0000-00-00 00:00:00;0;0000-00-00 00:00:00;0
416;BCW 0,31 MM SOFT I;05RI021;FG;KG;31;;0000-00-00 00:00:00;0;0000-00-00 00:00:00;0
417;BCW 0,32 MM SOFT I;05RI022;FG;KG;32;;0000-00-00 00:00:00;0;0000-00-00 00:00:00;0
418;BCW 0,40 MM SOFT I;05RI053;FG;KG;40;;0000-00-00 00:00:00;0;0000-00-00 00:00:00;0
419;BCW 0,50 MM SOFT I;05RI054;FG;KG;50;;0000-00-00 00:00:00;0;0000-00-00 00:00:00;0
420;BCW 0,11 MM HARD I;05RIH02;FG;KG;11;;0000-00-00 00:00:00;0;0000-00-00 00:00:00;0
421;BCW 0,17 MM HARD I;05RIH08;FG;KG;17;;0000-00-00 00:00:00;0;0000-00-00 00:00:00;0
422;BCW 0,16 MM 1/2 HARD;05RN007;FG;KG;16;;0000-00-00 00:00:00;0;0000-00-00 00:00:00;0
423;BCW 0,18 MM 1/2 HARD;05RN009;FG;KG;18;;0000-00-00 00:00:00;0;0000-00-00 00:00:00;0
424;BCW 0,10 MM SOFT;05RS001;FG;KG;10;;0000-00-00 00:00:00;0;0000-00-00 00:00:00;0
425;BCW 0,11 MM SOFT;05RS002;FG;KG;11;;0000-00-00 00:00:00;0;0000-00-00 00:00:00;0
426;BCW 0,12 MM SOFT;05RS003;FG;KG;12;;0000-00-00 00:00:00;0;0000-00-00 00:00:00;0
427;BCW 0,13 MM SOFT;05RS004;FG;KG;13;;0000-00-00 00:00:00;0;0000-00-00 00:00:00;0
428;BCW 0,14 MM SOFT;05RS005;FG;KG;14;;0000-00-00 00:00:00;0;0000-00-00 00:00:00;0
429;BCW 0,15 MM SOFT;05RS006;FG;KG;15;;0000-00-00 00:00:00;0;0000-00-00 00:00:00;0
430;BCW 0,16 MM SOFT;05RS007;FG;KG;16;;0000-00-00 00:00:00;0;0000-00-00 00:00:00;0
431;BCW 0,17 MM SOFT;05RS008;FG;KG;17;;0000-00-00 00:00:00;0;0000-00-00 00:00:00;0
432;BCW 0,18 MM SOFT;05RS009;FG;KG;18;;0000-00-00 00:00:00;0;0000-00-00 00:00:00;0
433;BCW 0,20 MM SOFT;05RS010;FG;KG;20;;0000-00-00 00:00:00;0;0000-00-00 00:00:00;0
434;BCW 0,21 MM SOFT;05RS011;FG;KG;21;;0000-00-00 00:00:00;0;0000-00-00 00:00:00;0
435;BCW 0,22 MM SOFT;05RS012;FG;KG;22;;0000-00-00 00:00:00;0;0000-00-00 00:00:00;0
436;BCW 0,23 MM SOFT;05RS013;FG;KG;23;;0000-00-00 00:00:00;0;0000-00-00 00:00:00;0
437;BCW 0,24 MM SOFT;05RS014;FG;KG;24;;0000-00-00 00:00:00;0;0000-00-00 00:00:00;0
438;BCW 0,25 MM SOFT;05RS015;FG;KG;25;;0000-00-00 00:00:00;0;0000-00-00 00:00:00;0
439;BCW 0,251 MM SOFT;05RS016;FG;KG;25;;0000-00-00 00:00:00;0;0000-00-00 00:00:00;0
440;BCW 0,255 MM SOFT;05RS017;FG;KG;25;;0000-00-00 00:00:00;0;0000-00-00 00:00:00;0
441;BCW 0,26 MM SOFT;05RS018;FG;KG;26;;0000-00-00 00:00:00;0;0000-00-00 00:00:00;0
442;BCW 0,29 MM SOFT;05RS019;FG;KG;29;;0000-00-00 00:00:00;0;0000-00-00 00:00:00;0
443;BCW 0,30 MM SOFT;05RS020;FG;KG;30;;0000-00-00 00:00:00;0;0000-00-00 00:00:00;0
444;BCW 0,31 MM SOFT;05RS021;FG;KG;31;;0000-00-00 00:00:00;0;0000-00-00 00:00:00;0
445;BCW 0,32 MM SOFT;05RS022;FG;KG;32;;0000-00-00 00:00:00;0;0000-00-00 00:00:00;0
446;BCW 0,35 MM SOFT;05RS052;FG;KG;35;;0000-00-00 00:00:00;0;0000-00-00 00:00:00;0
447;BCW 0,40 MM SOFT;05RS053;FG;KG;40;;0000-00-00 00:00:00;0;0000-00-00 00:00:00;0
448;BCW 0,50 MM SOFT;05RS054;FG;KG;50;;0000-00-00 00:00:00;0;0000-00-00 00:00:00;0
449;BCW 0,19 MM SOFT;05RS055;FG;KG;19;;0000-00-00 00:00:00;0;0000-00-00 00:00:00;0
450;BCW 0,10 MM TMS SOFT;05RT001;FG;KG;10;;0000-00-00 00:00:00;0;0000-00-00 00:00:00;0
451;BCW 0,11 MM TMS SOFT;05RT002;FG;KG;11;;0000-00-00 00:00:00;0;0000-00-00 00:00:00;0
452;BCW 0,12 MM TMS SOFT;05RT003;FG;KG;12;;0000-00-00 00:00:00;0;0000-00-00 00:00:00;0
453;BCW 0,13 MM TMS SOFT;05RT004;FG;KG;13;;0000-00-00 00:00:00;0;0000-00-00 00:00:00;0
454;BCW 0,14 MM TMS SOFT;05RT005;FG;KG;14;;0000-00-00 00:00:00;0;0000-00-00 00:00:00;0
455;BCW 0,15 MM TMS SOFT;05RT006;FG;KG;15;;0000-00-00 00:00:00;0;0000-00-00 00:00:00;0
456;BCW 0,16 MM TMS SOFT;05RT007;FG;KG;16;;0000-00-00 00:00:00;0;0000-00-00 00:00:00;0
457;BCW 0,17 MM TMS SOFT;05RT008;FG;KG;17;;0000-00-00 00:00:00;0;0000-00-00 00:00:00;0
458;BCW 0,18 MM TMS SOFT;05RT009;FG;KG;18;;0000-00-00 00:00:00;0;0000-00-00 00:00:00;0
459;BCW 0,20 MM TMS SOFT;05RT010;FG;KG;20;;0000-00-00 00:00:00;0;0000-00-00 00:00:00;0
460;BCW 0,21 MM TMS SOFT;05RT011;FG;KG;21;;0000-00-00 00:00:00;0;0000-00-00 00:00:00;0
461;BCW 0,22 MM TMS SOFT;05RT012;FG;KG;22;;0000-00-00 00:00:00;0;0000-00-00 00:00:00;0
462;BCW 0,23 MM TMS SOFT;05RT013;FG;KG;23;;0000-00-00 00:00:00;0;0000-00-00 00:00:00;0
463;BCW 0,24 MM TMS SOFT;05RT014;FG;KG;24;;0000-00-00 00:00:00;0;0000-00-00 00:00:00;0
464;BCW 0,25 MM TMS SOFT;05RT015;FG;KG;25;;0000-00-00 00:00:00;0;0000-00-00 00:00:00;0
465;BCW 0,251 MM TMS SOFT;05RT016;FG;KG;25;;0000-00-00 00:00:00;0;0000-00-00 00:00:00;0
466;BCW 0,255 MM  TMS SOFT;05RT017;FG;KG;25;;0000-00-00 00:00:00;0;0000-00-00 00:00:00;0
467;BCW 0,26 MM TMS SOFT;05RT018;FG;KG;26;;0000-00-00 00:00:00;0;0000-00-00 00:00:00;0
468;BCW 0,29 MM TMS SOFT;05RT019;FG;KG;29;;0000-00-00 00:00:00;0;0000-00-00 00:00:00;0
469;BCW 0,30 MM TMS SOFT;05RT020;FG;KG;30;;0000-00-00 00:00:00;0;0000-00-00 00:00:00;0
470;BCW 0,31 MM TMS SOFT;05RT021;FG;KG;31;;0000-00-00 00:00:00;0;0000-00-00 00:00:00;0
471;BCW 0,32 MM TMS SOFT;05RT022;FG;KG;32;;0000-00-00 00:00:00;0;0000-00-00 00:00:00;0
472;BCW 0,35 MM TMS SOFT;05RT052;FG;KG;35;;0000-00-00 00:00:00;0;0000-00-00 00:00:00;0
473;BCW 0,40 MM TMS SOFT;05RT055;FG;KG;40;;0000-00-00 00:00:00;0;0000-00-00 00:00:00;0
474;BCW 0,50 MM TMS SOFT;05RT056;FG;KG;50;;0000-00-00 00:00:00;0;0000-00-00 00:00:00;0
475;BCW 0,41 MM TMS SOFT;05RT057;FG;KG;41;;0000-00-00 00:00:00;0;0000-00-00 00:00:00;0
476;BCW 0,252 MM TMS SOFT;05RT058;FG;KG;25;;0000-00-00 00:00:00;0;0000-00-00 00:00:00;0
477;BCW 0,175 MM TMS SOFT;05RT059;FG;KG;17;;0000-00-00 00:00:00;0;0000-00-00 00:00:00;0
478;BCW 0,155 MM TMS SOFT;05RT060;FG;KG;15;;0000-00-00 00:00:00;0;0000-00-00 00:00:00;0
479;BCW 0,82 MM TMS SOFT;05RT061;FG;KG;82;;0000-00-00 00:00:00;0;0000-00-00 00:00:00;0
480;BCW 0,19 MM TMS SOFT;05RT062;FG;KG;19;;0000-00-00 00:00:00;0;0000-00-00 00:00:00;0
481;BCW 1,78 MM TMS HARD;05TD001;FG;KG;1780;;0000-00-00 00:00:00;0;0000-00-00 00:00:00;0
482;BCW 1,00 MM HARD;05TH001;FG;KG;1000;;0000-00-00 00:00:00;0;0000-00-00 00:00:00;0
483;BCW 1,05 mm HARD;05TH002;FG;KG;1050;;0000-00-00 00:00:00;0;0000-00-00 00:00:00;0
484;BCW 1,04 MM HARD;05TH004;FG;KG;1040;;0000-00-00 00:00:00;0;0000-00-00 00:00:00;0
485;BCW 1,10 MM HARD;05TH008;FG;KG;1100;;0000-00-00 00:00:00;0;0000-00-00 00:00:00;0
486;BCW 1,17 MM 1/2 HARD;05TH010;FG;KG;1170;;0000-00-00 00:00:00;0;0000-00-00 00:00:00;0
487;BCW 1,25 MM HARD;05TH014;FG;KG;1250;;0000-00-00 00:00:00;0;0000-00-00 00:00:00;0
488;BCW 1,40 MM HARD;05TH022;FG;KG;1400;;0000-00-00 00:00:00;0;0000-00-00 00:00:00;0
489;BCW 1,42 MM HARD;05TH023;FG;KG;1420;;0000-00-00 00:00:00;0;0000-00-00 00:00:00;0
490;BCW 1,53 MM HARD;05TH024;FG;KG;1530;;0000-00-00 00:00:00;0;0000-00-00 00:00:00;0
491;BCW 1,55 MM HARD;05TH027;FG;KG;1550;;0000-00-00 00:00:00;0;0000-00-00 00:00:00;0
492;BCW 1,65 MM HARD;05TH032;FG;KG;1650;;0000-00-00 00:00:00;0;0000-00-00 00:00:00;0
493;BCW 1,66 MM HARD;05TH033;FG;KG;1660;;0000-00-00 00:00:00;0;0000-00-00 00:00:00;0
494;BCW 1,15 MM HARD;05TH034;FG;KG;1150;;0000-00-00 00:00:00;0;0000-00-00 00:00:00;0
495;BCW 1,83 MM HARD;05TH045;FG;KG;1830;;0000-00-00 00:00:00;0;0000-00-00 00:00:00;0
496;BCW 1,94 MM HARD;05TH046;FG;KG;1940;;0000-00-00 00:00:00;0;0000-00-00 00:00:00;0
497;BCW 1,31 MM HARD;05TH053;FG;KG;1310;;0000-00-00 00:00:00;0;0000-00-00 00:00:00;0
498;BCW 1,12 MM HARD;05TH054;FG;KG;1120;;0000-00-00 00:00:00;0;0000-00-00 00:00:00;0
499;BCW 1,45 MM HARD;05TH055;FG;KG;1450;;0000-00-00 00:00:00;0;0000-00-00 00:00:00;0
500;BCW 1,07 MM HARD;05TH056;FG;KG;1070;;0000-00-00 00:00:00;0;0000-00-00 00:00:00;0
501;BCW 1,45 MM 1/2 HARD;05TH057;FG;KG;1450;;0000-00-00 00:00:00;0;0000-00-00 00:00:00;0
502;BCW 1,17 MM HARD;05TH058;FG;KG;1170;;0000-00-00 00:00:00;0;0000-00-00 00:00:00;0
503;BCW 1,52 MM HARD;05TH059;FG;KG;1520;;0000-00-00 00:00:00;0;0000-00-00 00:00:00;0
504;BCW 1,92 MM HARD;05TH061;FG;KG;1920;;0000-00-00 00:00:00;0;0000-00-00 00:00:00;0
505;BCW 1,00 MM SOFT  I;05TI001;FG;KG;1000;;0000-00-00 00:00:00;0;0000-00-00 00:00:00;0
506;BCW 1,08 MM SOFT  I;05TI007;FG;KG;1080;;0000-00-00 00:00:00;0;0000-00-00 00:00:00;0
507;BCW 1,10 MM SOFT  I;05TI008;FG;KG;1100;;0000-00-00 00:00:00;0;0000-00-00 00:00:00;0
508;BCW 1,20 MM SOFT  I;05TI012;FG;KG;1200;;0000-00-00 00:00:00;0;0000-00-00 00:00:00;0
509;BCW 1,25 MM SOFT  I;05TI014;FG;KG;1250;;0000-00-00 00:00:00;0;0000-00-00 00:00:00;0
510;BCW 1,30 MM SOFT  I;05TI016;FG;KG;1300;;0000-00-00 00:00:00;0;0000-00-00 00:00:00;0
511;BCW 1,35 MM SOFT  I;05TI017;FG;KG;1350;;0000-00-00 00:00:00;0;0000-00-00 00:00:00;0
512;BCW 1,36 MM SOFT  I;05TI018;FG;KG;1360;;0000-00-00 00:00:00;0;0000-00-00 00:00:00;0
513;BCW 1,38 MM SOFT  I;05TI020;FG;KG;1380;;0000-00-00 00:00:00;0;0000-00-00 00:00:00;0
514;BCW 1,40 MM SOFT  I;05TI022;FG;KG;1400;;0000-00-00 00:00:00;0;0000-00-00 00:00:00;0
515;BCW 1,50 MM SOFT  I;05TI026;FG;KG;1500;;0000-00-00 00:00:00;0;0000-00-00 00:00:00;0
516;BCW 1,60 MM SOFT  I;05TI030;FG;KG;1600;;0000-00-00 00:00:00;0;0000-00-00 00:00:00;0
517;BCW 1,70 MM SOFT  I;05TI036;FG;KG;1700;;0000-00-00 00:00:00;0;0000-00-00 00:00:00;0
518;BCW 1,75 MM SOFT  I;05TI039;FG;KG;1750;;0000-00-00 00:00:00;0;0000-00-00 00:00:00;0
519;BCW 1,76 MM SOFT  I;05TI040;FG;KG;1760;;0000-00-00 00:00:00;0;0000-00-00 00:00:00;0
520;BCW 1,78 MM SOFT  I;05TI042;FG;KG;1780;;0000-00-00 00:00:00;0;0000-00-00 00:00:00;0
521;BCW 1,05 MM SOFT I;05TI043;FG;KG;1050;;0000-00-00 00:00:00;0;0000-00-00 00:00:00;0
522;BCW 0,40 MM 1/2 HARD;05TN001;FG;KG;400;;0000-00-00 00:00:00;0;0000-00-00 00:00:00;0
523;BCW 1,10 MM 1/2 HARD;05TN008;FG;KG;1100;;0000-00-00 00:00:00;0;0000-00-00 00:00:00;0
524;BCW 1,15 MM 1/2 HARD;05TN009;FG;KG;1150;;0000-00-00 00:00:00;0;0000-00-00 00:00:00;0
525;BCW 1,17 MM 1/2 HARD;05TN010;FG;KG;1170;;0000-00-00 00:00:00;0;0000-00-00 00:00:00;0
526;BCW 1,20 MM 1/2 HARD;05TN012;FG;KG;1200;;0000-00-00 00:00:00;0;0000-00-00 00:00:00;0
527;BCW  ;05TN020;FG;KG;0;;0000-00-00 00:00:00;0;0000-00-00 00:00:00;0
528;BCW 1,57 MM 1/2 HARD;05TN028;FG;KG;1570;;0000-00-00 00:00:00;0;0000-00-00 00:00:00;0
529;BCW 1,60 MM 1/2 HARD;05TN030;FG;KG;1600;;0000-00-00 00:00:00;0;0000-00-00 00:00:00;0
530;BCW 1,00 MM SOFT;05TS001;FG;KG;1000;;0000-00-00 00:00:00;0;0000-00-00 00:00:00;0
531;BCW 1,015 MM SOFT;05TS002;FG;KG;1010;;0000-00-00 00:00:00;0;0000-00-00 00:00:00;0
532;BCW 1,02 MM SOFT;05TS003;FG;KG;1020;;0000-00-00 00:00:00;0;0000-00-00 00:00:00;0
533;BCW 1,04 MM SOFT;05TS004;FG;KG;1040;;0000-00-00 00:00:00;0;0000-00-00 00:00:00;0
534;BCW 1,05 MM SOFT;05TS005;FG;KG;1050;;0000-00-00 00:00:00;0;0000-00-00 00:00:00;0
535;BCW 1,07 MM SOFT;05TS006;FG;KG;1070;;0000-00-00 00:00:00;0;0000-00-00 00:00:00;0
536;BCW 1,08 MM SOFT;05TS007;FG;KG;1080;;0000-00-00 00:00:00;0;0000-00-00 00:00:00;0
537;BCW 1,10 MM SOFT ;05TS008;FG;KG;1100;;0000-00-00 00:00:00;0;0000-00-00 00:00:00;0
538;BCW 1,15 MM SOFT;05TS009;FG;KG;1150;;0000-00-00 00:00:00;0;0000-00-00 00:00:00;0
539;BCW 1,06 MM SOFT;05TS010;FG;KG;1060;;0000-00-00 00:00:00;0;0000-00-00 00:00:00;0
540;BCW 1,20 MM SOFT;05TS012;FG;KG;1200;;0000-00-00 00:00:00;0;0000-00-00 00:00:00;0
541;BCW 1,24 MM SOFT;05TS013;FG;KG;1240;;0000-00-00 00:00:00;0;0000-00-00 00:00:00;0
542;BCW 1,25 MM SOFT;05TS014;FG;KG;1250;;0000-00-00 00:00:00;0;0000-00-00 00:00:00;0
543;BCW 1,27 MM SOFT ;05TS015;FG;KG;1270;;0000-00-00 00:00:00;0;0000-00-00 00:00:00;0
544;BCW 1,30 MM SOFT;05TS016;FG;KG;1300;;0000-00-00 00:00:00;0;0000-00-00 00:00:00;0
545;BCW 1,35 MM SOFT;05TS017;FG;KG;1350;;0000-00-00 00:00:00;0;0000-00-00 00:00:00;0
546;BCW 1,36 MM SOFT;05TS018;FG;KG;1360;;0000-00-00 00:00:00;0;0000-00-00 00:00:00;0
547;BCW 1,37 MM SOFT;05TS019;FG;KG;1370;;0000-00-00 00:00:00;0;0000-00-00 00:00:00;0
548;BCW 1,38 MM SOFT;05TS020;FG;KG;1380;;0000-00-00 00:00:00;0;0000-00-00 00:00:00;0
549;BCW 1,39 MM SOFT;05TS021;FG;KG;1390;;0000-00-00 00:00:00;0;0000-00-00 00:00:00;0
550;BCW 1,40 MM SOFT;05TS022;FG;KG;1400;;0000-00-00 00:00:00;0;0000-00-00 00:00:00;0
551;BCW 1,42 MM SOFT;05TS023;FG;KG;1420;;0000-00-00 00:00:00;0;0000-00-00 00:00:00;0
552;BCW 1,43 MM SOFT;05TS024;FG;KG;1430;;0000-00-00 00:00:00;0;0000-00-00 00:00:00;0
553;BCW 1,46 MM SOFT;05TS025;FG;KG;1460;;0000-00-00 00:00:00;0;0000-00-00 00:00:00;0
554;BCW 1,50 MM SOFT;05TS026;FG;KG;1500;;0000-00-00 00:00:00;0;0000-00-00 00:00:00;0
555;BCW 1,59 MM SOFT;05TS029;FG;KG;1590;;0000-00-00 00:00:00;0;0000-00-00 00:00:00;0
556;BCW 1,60 MM SOFT;05TS030;FG;KG;1600;;0000-00-00 00:00:00;0;0000-00-00 00:00:00;0
557;BCW 1,63 MM SOFT;05TS031;FG;KG;1630;;0000-00-00 00:00:00;0;0000-00-00 00:00:00;0
558;BCW 1,65 MM SOFT;05TS032;FG;KG;1650;;0000-00-00 00:00:00;0;0000-00-00 00:00:00;0
559;BCW 1,66 MM SOFT;05TS033;FG;KG;1660;;0000-00-00 00:00:00;0;0000-00-00 00:00:00;0
560;BCW 1,68 MM SOFT;05TS035;FG;KG;1680;;0000-00-00 00:00:00;0;0000-00-00 00:00:00;0
561;BCW 1,70 MM SOFT;05TS036;FG;KG;1700;;0000-00-00 00:00:00;0;0000-00-00 00:00:00;0
562;BCW 1,71 MM SOFT;05TS037;FG;KG;1710;;0000-00-00 00:00:00;0;0000-00-00 00:00:00;0
563;BCW 1,74 MM SOFT;05TS038;FG;KG;1740;;0000-00-00 00:00:00;0;0000-00-00 00:00:00;0
564;BCW 1,75 MM SOFT;05TS039;FG;KG;1750;;0000-00-00 00:00:00;0;0000-00-00 00:00:00;0
565;BCW 1,76 MM SOFT;05TS040;FG;KG;1760;;0000-00-00 00:00:00;0;0000-00-00 00:00:00;0
566;BCW 1,77 MM SOFT;05TS041;FG;KG;1770;;0000-00-00 00:00:00;0;0000-00-00 00:00:00;0
567;BCW 1,78 MM SOFT;05TS042;FG;KG;1780;;0000-00-00 00:00:00;0;0000-00-00 00:00:00;0
568;BCW 1,79 MM SOFT;05TS043;FG;KG;1790;;0000-00-00 00:00:00;0;0000-00-00 00:00:00;0
569;BCW 1,80 MM SOFT;05TS044;FG;KG;1800;;0000-00-00 00:00:00;0;0000-00-00 00:00:00;0
570;BCW 1,83 MM SOFT;05TS045;FG;KG;1830;;0000-00-00 00:00:00;0;0000-00-00 00:00:00;0
571;BCW 1,85 MM SOFT;05TS046;FG;KG;1850;;0000-00-00 00:00:00;0;0000-00-00 00:00:00;0
572;BCW 1,84 MM SOFT;05TS047;FG;KG;1840;;0000-00-00 00:00:00;0;0000-00-00 00:00:00;0
573;BCW 1,45 MM SOFT;05TS055;FG;KG;1450;;0000-00-00 00:00:00;0;0000-00-00 00:00:00;0
574;BCW 1,81 MM SOFT;05TS056;FG;KG;1810;;0000-00-00 00:00:00;0;0000-00-00 00:00:00;0
575;BCW 1,73 MM SOFT;05TS057;FG;KG;1730;;0000-00-00 00:00:00;0;0000-00-00 00:00:00;0
576;BCW 1,21 MM SOFT;05TS058;FG;KG;1210;;0000-00-00 00:00:00;0;0000-00-00 00:00:00;0
577;BCW 1,18 MM SOFT;05TS059;FG;KG;1180;;0000-00-00 00:00:00;0;0000-00-00 00:00:00;0
578;BCW 1,89 MM SOFT;05TS060;FG;KG;1890;;0000-00-00 00:00:00;0;0000-00-00 00:00:00;0
579;BCW 1,90 MM SOFT;05TS061;FG;KG;1900;;0000-00-00 00:00:00;0;0000-00-00 00:00:00;0
580;BCW 1,28 MM SOFT;05TS062;FG;KG;1280;;0000-00-00 00:00:00;0;0000-00-00 00:00:00;0
581;BCW 1,52 MM SOFT;05TS063;FG;KG;1520;;0000-00-00 00:00:00;0;0000-00-00 00:00:00;0
582;BCW 1,92 MM SOFT;05TS064;FG;KG;1920;;0000-00-00 00:00:00;0;0000-00-00 00:00:00;0
583;BCW 1,34 MM SOFT;05TS065;FG;KG;1340;;0000-00-00 00:00:00;0;0000-00-00 00:00:00;0
584;BCW 1,00 MM SOFT TMS;05TT001;FG;KG;1000;;0000-00-00 00:00:00;0;0000-00-00 00:00:00;0
585;BCW 1,05 MM SOFT TMS;05TT005;FG;KG;1050;;0000-00-00 00:00:00;0;0000-00-00 00:00:00;0
586;BCW 1,10 MM SOFT TMS;05TT008;FG;KG;1100;;0000-00-00 00:00:00;0;0000-00-00 00:00:00;0
587;BCW 1,20 MM TMS;05TT012;FG;KG;1200;;0000-00-00 00:00:00;0;0000-00-00 00:00:00;0
588;BCW 1,38 MM SOFT TMS;05TT020;FG;KG;1380;;0000-00-00 00:00:00;0;0000-00-00 00:00:00;0
589;BCW 1,40 MM TMS;05TT022;FG;KG;1400;;0000-00-00 00:00:00;0;0000-00-00 00:00:00;0
590;BCW 1,42 MM TMS;05TT023;FG;KG;1420;;0000-00-00 00:00:00;0;0000-00-00 00:00:00;0
591;BCW 1,43 MM TMS SOFT;05TT024;FG;KG;1430;;0000-00-00 00:00:00;0;0000-00-00 00:00:00;0
592;BCW 1,50 MM SOFT TMS;05TT026;FG;KG;1500;;0000-00-00 00:00:00;0;0000-00-00 00:00:00;0
593;BCW 1,79 MM SOFT TMS;05TT043;FG;KG;1790;;0000-00-00 00:00:00;0;0000-00-00 00:00:00;0
594;BCW 1,80 MM TMS;05TT044;FG;KG;1800;;0000-00-00 00:00:00;0;0000-00-00 00:00:00;0
595;BCW 1,78 MM SOFT TMS;05TT045;FG;KG;1780;;0000-00-00 00:00:00;0;0000-00-00 00:00:00;0
596;BCW 1,35 MM SOFT TMS;05TT046;FG;KG;1350;;0000-00-00 00:00:00;0;0000-00-00 00:00:00;0
597;BCW 1,02 MM SOFT TMS;05TT048;FG;KG;1020;;0000-00-00 00:00:00;0;0000-00-00 00:00:00;0
598;BCW 1,43 MM SOFT TMS;05TT049;FG;KG;1430;;0000-00-00 00:00:00;0;0000-00-00 00:00:00;0
599;BCW 1,84 MM SOFT TMS;05TT050;FG;KG;1840;;0000-00-00 00:00:00;0;0000-00-00 00:00:00;0
600;BCW 1,71 MM SOFT TMS;05TT051;FG;KG;1710;;0000-00-00 00:00:00;0;0000-00-00 00:00:00;0
601;BCW 1,92 MM SOFT TMS;05TT052;FG;KG;1920;;0000-00-00 00:00:00;0;0000-00-00 00:00:00;0
602;BCW 1,36 MM SOFT TMS;05TT053;FG;KG;1360;;0000-00-00 00:00:00;0;0000-00-00 00:00:00;0
603;BCW 1,75 MM SOFT TMS;05TT054;FG;KG;1750;;0000-00-00 00:00:00;0;0000-00-00 00:00:00;0
604;BCW 1,76 MM SOFT TMS;05TT055;FG;KG;1760;;0000-00-00 00:00:00;0;0000-00-00 00:00:00;0
605;BCW 1,73 MM SOFT TMS;05TT056;FG;KG;1730;;0000-00-00 00:00:00;0;0000-00-00 00:00:00;0
606;BCW 1,53 MM SOFT TMS;05TT060;FG;KG;1530;;0000-00-00 00:00:00;0;0000-00-00 00:00:00;0
607;BCW 1,55 MM SOFT TMS;05TT061;FG;KG;1550;;0000-00-00 00:00:00;0;0000-00-00 00:00:00;0
608;BCW 1,37 MM SOFT TMS;05TT062;FG;KG;1370;;0000-00-00 00:00:00;0;0000-00-00 00:00:00;0
609;BCW 1,74 MM SOFT TMS;05TT063;FG;KG;1740;;0000-00-00 00:00:00;0;0000-00-00 00:00:00;0
610;BCW 1,85 MM SOFT TMS;05TT064;FG;KG;1850;;0000-00-00 00:00:00;0;0000-00-00 00:00:00;0
611;UEW 0,40 MM (TYPE 1);05U0001;FG;KG;40;;0000-00-00 00:00:00;0;0000-00-00 00:00:00;0
612;UEW 0,90 MM (TYPE 1);05U0002;FG;KG;90;;0000-00-00 00:00:00;0;0000-00-00 00:00:00;0
613;UEW 0,95 MM (TYPE1);05U0003;FG;KG;95;;0000-00-00 00:00:00;0;0000-00-00 00:00:00;0
614;UEW 1,40 MM (TYPE 1);05U0004;FG;KG;1400;;0000-00-00 00:00:00;0;0000-00-00 00:00:00;0
615;UEW 0,37 MM ;05U0005;FG;KG;37;;0000-00-00 00:00:00;0;0000-00-00 00:00:00;0
616;UEW 1,00 MM (TYPE 1);05U0006;FG;KG;1000;;0000-00-00 00:00:00;0;0000-00-00 00:00:00;0
652;BCW 2,90 MM SOFT TMS;04BT054;WIP;KG;2900;;0000-00-00 00:00:00;0;0000-00-00 00:00:00;0
653;COPPER ROD 8,00 MM KERAS;04C0001;WIP;KG;8000;;0000-00-00 00:00:00;0;0000-00-00 00:00:00;0
654;COPPER ROD 8,00 MM CUCI;04C0003;WIP;KG;8000;;0000-00-00 00:00:00;0;0000-00-00 00:00:00;0
655;COPPER ROD 8,00 MM TMS;04C0004;WIP;KG;8000;;0000-00-00 00:00:00;0;0000-00-00 00:00:00;0
656;COPPER ROD 8,00 MM;04C0006;WIP;KG;8000;;0000-00-00 00:00:00;0;0000-00-00 00:00:00;0
657;COPPER ROD 8,00 MM TMS PRYSMIAN;04C0007;WIP;KG;8000;;0000-00-00 00:00:00;0;0000-00-00 00:00:00;0
658;COPPER ROD 8,00 MM MTU;04C0008;WIP;KG;8000;;0000-00-00 00:00:00;0;0000-00-00 00:00:00;0
659;COPPER ROD 20 MM;04C0009;WIP;KG;2000;;0000-00-00 00:00:00;0;0000-00-00 00:00:00;0
660;COPPER ROD 20 MM CUCI;04C0010;WIP;KG;2000;;0000-00-00 00:00:00;0;0000-00-00 00:00:00;0
661;COPPER WIRE 15 MM;04C0011;WIP;KG;1500;;0000-00-00 00:00:00;0;0000-00-00 00:00:00;0
662;COPPER WIRE 17,5 MM;04C0012;WIP;KG;1750;;0000-00-00 00:00:00;0;0000-00-00 00:00:00;0
663;COPPER WIRE 13,5 MM;04C0013;WIP;KG;1350;;0000-00-00 00:00:00;0;0000-00-00 00:00:00;0
664;COPPER WIRE 2,80 MM;04C0014;WIP;KG;2800;;0000-00-00 00:00:00;0;0000-00-00 00:00:00;0
665;COPPER WIRE 15,5 MM;04C0015;WIP;KG;1550;;0000-00-00 00:00:00;0;0000-00-00 00:00:00;0
666;COPPER WIRE 0,20 MM;04C0016;WIP;KG;200;;0000-00-00 00:00:00;0;0000-00-00 00:00:00;0
667;COP 8,00 MM BAKAR ULANG;04C0017;WIP;KG;8000;;0000-00-00 00:00:00;0;0000-00-00 00:00:00;0
668;COP 8,00 MM CUCI BAKAR ULANG;04C0018;WIP;KG;8000;;0000-00-00 00:00:00;0;0000-00-00 00:00:00;0
669;COPPER WIRE 0,25 MM;04C0019;WIP;KG;250;;0000-00-00 00:00:00;0;0000-00-00 00:00:00;0
670;COPPER WIRE 1,75 MM TMS;04C0022;WIP;KG;1750;;0000-00-00 00:00:00;0;0000-00-00 00:00:00;0
671;COPPER WIRE 1,76 MM TMS;04C0023;WIP;KG;1760;;0000-00-00 00:00:00;0;0000-00-00 00:00:00;0
672;COPPER WIRE 0,12 MM;04CW012;WIP;KG;120;;0000-00-00 00:00:00;0;0000-00-00 00:00:00;0
673;COPPER WIRE 0,67 MM;04CW067;WIP;KG;670;;0000-00-00 00:00:00;0;0000-00-00 00:00:00;0
674;COPPER WIRE 1,38 MM;04CW138;WIP;KG;1380;;0000-00-00 00:00:00;0;0000-00-00 00:00:00;0
676;ALUMINIUM ROD EC GRADE DIA 7,6 MM;28A0001;WIP;KG;7600;;0000-00-00 00:00:00;0;0000-00-00 00:00:00;0
677;ALUMINIUM ROD EC GRADE DIA 9,5 MM;28A0002;WIP;KG;9500;;0000-00-00 00:00:00;0;0000-00-00 00:00:00;0
678;ALUMINIUM A2C 7,6 MM EC GRADE;28A0003;WIP;KG;7600;;0000-00-00 00:00:00;0;0000-00-00 00:00:00;0
679;ALUMINIUM AAC 7,6 MM EC GRADE;28A0004;WIP;KG;7600;;0000-00-00 00:00:00;0;0000-00-00 00:00:00;0
680;A2C 1,35 MM;29A1002;FG;KG;1350;;0000-00-00 00:00:00;0;0000-00-00 00:00:00;0
681;A2C 1,15 MM;29A1003;FG;KG;1150;;0000-00-00 00:00:00;0;0000-00-00 00:00:00;0
682;A2C 1,10 MM;29A1005;FG;KG;1100;;0000-00-00 00:00:00;0;0000-00-00 00:00:00;0
683;A2C 2,50 MM;29A2001;FG;KG;2500;;0000-00-00 00:00:00;0;0000-00-00 00:00:00;0
684;A2C 3,20 MM;29A3001;FG;KG;3200;;0000-00-00 00:00:00;0;0000-00-00 00:00:00;0
685;A2C 3,50 MM;29A3002;FG;KG;3500;;0000-00-00 00:00:00;0;0000-00-00 00:00:00;0
686;A2C 7,20 MM;29A7001;FG;KG;7200;;0000-00-00 00:00:00;0;0000-00-00 00:00:00;0
687;A2C 7 X 1,15 MM;29AT701;FG;KG;7115;;0000-00-00 00:00:00;0;0000-00-00 00:00:00;0
688;A2C 7 X 1,10 MM;29AT702;FG;KG;7110;;0000-00-00 00:00:00;0;0000-00-00 00:00:00;0
689;BCW 2,54 MM SOFT TMS;05BT075;FG;KG;2540;;0000-00-00 00:00:00;0;0000-00-00 00:00:00;0
690;COPPER ROD 8,00 MM;05BH061;FG;KG;8000;;;;;
691;EIW 0,28 MM TYPE 1;5.00E+01;FG;KG;280;;;;;
692;EIW 1,80 MM TYPE 1;5.00E+02;FG;KG;1800;;;;;
693;BCW 0,90 MM SOFT I;05HI060;FG;KG;900;;;;;
694;BCW 0,30 MM SOFT I;05HI061;FG;KG;300;;;;;
695;BCW 0,76 MM SOFT I;05HI062;FG;KG;760;;;;;
696;BCW 0,67 MM SOFT I;05HI063;FG;KG;670;;;;;
697;BCW 0,53 MM TMS SOFT;05HT066;FG;KG;530;;;;;
698;BCW 0,52 MM TMS SOFT;05HT067;FG;KG;520;;;;;
699;BCW 0,16 MM SOFT I;05RI055;FG;KG;160;;;;;
700;BCW 0,30 MM SOFT I;05RI056;FG;KG;300;;;;;
701;BCW 0,17 MM SOFT I;05RI057;FG;KG;170;;;;;
702;BCW 1,35 MM SOFT TMS;05TT065;FG;KG;1350;;;;;
703;BCW 1,15 MM SOFT TMS;05TT066;FG;KG;1150;;;;;
704;BCW 0,76 MM SOFT TMS;05HT068;FG;KG;760;;;;;
