1;2012-12-12;KA001;1;;;;10;58.9;;3
2;2012-12-12;KA002;1;;;;10;59.3;;2
3;2012-12-12;KA003;1;;;;10;59.1;;2
4;2012-12-12;KA004;1;;;;10;59.6;;0
5;2012-12-12;KA005;1;;;;10;59.4;;1
6;2012-12-12;KA006;1;;;;10;59.3;;2
7;2012-12-12;KA007;1;;;;10;59;;3
8;2012-12-12;KA008;1;;;;10;58.7;;2
9;2012-12-12;KA009;1;;;;10;59.2;;3
10;2012-12-12;KA010;1;;;;10;60.3;;3
11;2012-12-12;KA011;1;;;;10;58.9;;0
12;2012-12-12;KA012;1;;;;10;58.6;;3
13;2012-12-12;KA013;1;;;;10;58.5;;2
14;2012-12-12;KA014;1;;;;10;59.1;;0
15;2012-12-12;KA015;1;;;;10;57.9;;3
16;2012-12-12;KA016;1;;;;10;59.4;;2
17;2012-12-12;KA017;1;;;;10;58.3;;0
18;2012-12-12;KA018;1;;;;10;58.7;;3
19;2012-12-12;KA019;1;;;;10;57.8;;2
20;2012-12-12;KA020;1;;;;10;59.3;;2
21;2012-12-12;KA021;1;;;;10;58.6;;2
22;2012-12-12;KA022;1;;;;10;58.8;;2
23;2012-12-12;KA023;1;;;;10;58.8;;0
24;2012-12-12;KA024;1;;;;10;59.3;;2
25;2012-12-12;KA025;1;;;;10;58.6;;0
26;2012-12-12;KA026;1;;;;10;60.1;;0
27;2012-12-12;KA027;1;;;;10;58.8;;2
28;2012-12-12;KA028;1;;;;10;58.7;;0
29;2012-12-12;KA029;1;;;;10;58.6;;2
30;2012-12-12;KA030;1;;;;10;58.8;;2
31;2012-12-12;KA031;1;;;;10;59.8;;3
32;2012-12-12;KA032;1;;;;10;59.6;;2
33;2012-12-12;KA033;1;;;;10;58.8;;2
34;2012-12-12;KA034;1;;;;10;59.1;;2
35;2012-12-12;KA035;1;;;;10;59.2;;2
36;2012-12-12;KA036;1;;;;10;58.2;;0
37;2012-12-12;KA037;1;;;;10;58.8;;2
38;2012-12-12;KA038;1;;;;10;58.1;;0
39;2012-12-12;KA039;1;;;;10;58.5;;2
40;2012-12-12;KA040;1;;;;10;59.3;;3
41;2012-12-20;KA041;1;;;;10;58.5;;2
42;2012-12-20;KA042;1;;;;10;59.3;;3
43;2012-12-20;KA043;1;;;;10;58.6;;3
44;2012-12-20;KA044;1;;;;10;59.2;;3
45;2012-12-20;KA045;1;;;;10;60.8;;0
46;2012-12-20;KA046;1;;;;10;59.5;;2
47;2012-12-20;KA047;1;;;;10;59.2;;2
48;2012-12-20;KA048;1;;;;10;59.2;;3
49;2012-12-20;KA049;1;;;;10;58.9;;2
50;2012-12-20;KA050;1;;;;10;59.5;;2
51;2012-12-20;KA051;1;;;;10;59.2;;2
52;2012-12-20;KA052;1;;;;10;59.4;;2
53;2012-12-20;KA053;1;;;;10;58.6;;2
54;2012-12-20;KA054;1;;;;10;59.2;;2
55;2012-12-20;KA055;1;;;;10;59;;2
56;2012-12-20;KA056;1;;;;10;58.6;;0
57;2012-12-20;KA057;1;;;;10;61.2;;2
58;2012-12-20;KA058;1;;;;10;58.4;;2
59;2012-12-20;KA059;1;;;;10;58.7;;3
60;2012-12-20;KA060;1;;;;10;58.7;;2
61;2012-12-27;KA061;1;;;;10;59.2;;2
62;2012-12-27;KA062;1;;;;10;59.1;;3
63;2012-12-27;KA063;1;;;;10;59.7;;2
64;2012-12-27;KA064;1;;;;10;62.1;;2
65;2012-12-27;KA065;1;;;;10;59.3;;2
66;2012-12-27;KA066;1;;;;10;59.2;;1
67;2012-12-27;KA067;1;;;;10;59.6;;0
68;2012-12-27;KA068;1;;;;10;61.8;;0
69;2012-12-27;KA069;1;;;;10;59.4;;2
70;2012-12-27;KA070;1;;;;10;59.8;;0
71;2012-12-27;KA071;1;;;;10;58.7;;2
72;2012-12-27;KA072;1;;;;10;59.5;;0
73;2012-12-27;KA073;1;;;;10;59;;2
74;2012-12-27;KA074;1;;;;10;59.6;;2
75;2012-12-27;KA075;1;;;;10;58.9;;0
76;2012-12-27;KA076;1;;;;10;58.9;;2
77;2012-12-27;KA077;1;;;;10;59.3;;0
78;2012-12-27;KA078;1;;;;10;58.9;;3
79;2012-12-27;KA079;1;;;;10;58.9;;2
80;2012-12-27;KA080;1;;;;10;59.3;;0
81;2013-01-03;KA081;1;;;;10;59.9;;2
82;2013-01-03;KA082;1;;;;10;60.5;;3
83;2013-01-03;KA083;1;;;;10;59.4;;1
84;2013-01-03;KA084;1;;;;10;59.2;;2
85;2013-01-03;KA085;1;;;;10;59.3;;2
86;2013-01-03;KA086;1;;;;10;59.1;;1
87;2013-01-03;KA087;1;;;;10;59.6;;0
88;2013-01-03;KA088;1;;;;10;59.4;;0
89;2013-01-03;KA089;1;;;;10;59.1;;0
90;2013-01-03;KA090;1;;;;10;59.3;;1
91;2013-01-03;KA091;1;;;;10;58.5;;3
92;2013-01-03;KA092;1;;;;10;59.2;;1
93;2013-01-03;KA093;1;;;;10;59.1;;0
94;2013-01-03;KA094;1;;;;10;59.7;;1
95;2013-01-03;KA095;1;;;;10;59.1;;0
96;2013-01-03;KA096;1;;;;10;58.2;;2
97;2013-01-03;KA097;1;;;;10;59.3;;2
98;2013-01-03;KA098;1;;;;10;59.1;;2
99;2013-01-03;KA099;1;;;;10;58.6;;3
100;2013-01-03;KA100;1;;;;10;59.4;;2
101;2010-12-31;L0002;1;;;;11;56.9;;2
102;2010-12-31;L0003;1;;;;11;55.2;;2
103;2010-12-31;L0004;1;;;;11;64.2;;1
104;2010-12-31;L0005;1;;;;11;63.2;;0
105;2010-12-31;L0006;1;;;;11;64.5;;3
106;2010-12-31;L0009;1;;;;11;64.2;;2
107;2010-12-31;L0010;1;;;;11;56.5;;1
108;2010-12-31;L0011;1;;;;11;55.8;;2
109;2010-12-31;L0012;1;;;;11;59.6;;2
110;2010-12-31;L0013;1;;;;11;63.4;;2
111;2010-12-31;L0014;1;;;;11;57.8;;0
112;2010-12-31;L0017;1;;;;11;58.5;;0
113;2010-12-31;L0019;1;;;;11;53.8;;2
114;2010-12-31;L0026;1;;;;11;59.8;;3
115;2010-12-31;L0027;1;;;;11;58.9;;2
116;2010-12-31;L0029;1;;;;11;63.7;;0
117;2010-12-31;L0030;1;;;;11;59.6;;0
118;2010-12-31;L0031;1;;;;11;56.1;;2
119;2010-12-31;L0033;1;;;;11;63;;0
120;2010-12-31;L0034;1;;;;11;63.8;;3
121;2010-12-31;L0036;1;;;;11;54.5;;2
122;2010-12-31;L0038;1;;;;11;55.2;;2
123;2010-12-31;L0040;1;;;;11;63.5;;3
124;2010-12-31;L0041;1;;;;11;59.5;;3
125;2010-12-31;L0042;1;;;;11;61.3;;3
126;2010-12-31;L0043;1;;;;11;56.1;;1
127;2010-12-31;L0044;1;;;;11;59.9;;3
128;2010-12-31;L0059;1;;;;11;63.9;;2
129;2010-12-31;L0060;1;;;;11;57;;2
130;2010-12-31;L0084;1;;;;11;48.7;;2
131;2010-12-31;L0085;1;;;;11;49.3;;2
132;2010-12-31;L0086;1;;;;11;49.2;;2
133;2010-12-31;L0087;1;;;;11;50.4;;0
134;2010-12-31;L0088;1;;;;11;51.7;;0
135;2010-12-31;L0089;1;;;;11;50;;0
136;2010-12-31;L0090;1;;;;11;49.9;;0
137;2010-12-31;L0092;1;;;;11;58.5;;3
138;2010-12-31;L0093;1;;;;11;64.4;;2
139;2010-12-31;L0094;1;;;;11;64.2;;0
140;2010-12-31;L0097;1;;;;11;57.3;;2
141;2010-12-31;L0102;1;;;;11;60;;3
142;2010-12-31;L0104;1;;;;11;57.4;;1
143;2010-12-31;L0105;1;;;;11;61.9;;0
144;2010-12-31;L0106;1;;;;11;49.9;;0
145;2010-12-31;L0107;1;;;;11;49;;2
146;2010-12-31;L0108;1;;;;11;47.6;;2
147;2010-12-31;L0109;1;;;;11;49.8;;2
148;2010-12-31;L0110;1;;;;11;49.6;;2
149;2010-12-31;L0112;1;;;;11;49.6;;1
150;2010-12-31;L0113;1;;;;11;48.6;;0
151;2010-12-31;L0117;1;;;;11;64.3;;3
152;2010-12-31;L0118;1;;;;11;50.1;;2
153;2010-12-31;L0119;1;;;;11;49.4;;3
154;2010-12-31;L0121;1;;;;11;62.8;;2
155;2010-12-31;L0123;1;;;;11;54.3;;2
156;2010-12-31;L0124;1;;;;11;56.3;;2
157;2010-12-31;L0127;1;;;;11;63.6;;0
158;2010-12-31;L0128;1;;;;11;58.1;;1
159;2010-12-31;L0129;1;;;;11;57.6;;0
160;2010-12-31;L0130;1;;;;11;56.4;;3
161;2010-12-31;L0133;1;;;;11;54.6;;2
162;2010-12-31;L0134;1;;;;11;57.7;;3
163;2010-12-31;L0135;1;;;;11;64.2;;3
164;2010-12-31;L0136;1;;;;11;63.9;;2
165;2010-12-31;L0140;1;;;;11;57.7;;3
166;2010-12-31;L0142;1;;;;11;55.9;;3
167;2010-12-31;L0144;1;;;;11;64.1;;2
168;2010-12-31;L0147;1;;;;11;63.7;;2
169;2010-12-31;L0148;1;;;;11;64;;2
170;2010-12-31;L0149;1;;;;11;54.1;;0
171;2010-12-31;L0152;1;;;;11;51.4;;2
172;2010-12-31;L0160;1;;;;11;58;;3
173;2010-12-31;L0161;1;;;;11;56.8;;0
174;2010-12-31;L0163;1;;;;11;57.1;;2
175;2010-12-31;L0169;1;;;;11;55.6;;0
176;2010-12-31;L0170;1;;;;11;55.6;;2
177;2010-12-31;L0171;1;;;;11;57.5;;2
178;2010-12-31;L0172;1;;;;11;55.6;;0
179;2010-12-31;L0173;1;;;;11;58.5;;2
180;2010-12-31;L0175;1;;;;11;64;;3
181;2010-12-31;L0176;1;;;;11;62.5;;2
182;2010-12-31;L0178;1;;;;11;55.7;;2
183;2010-12-31;L0179;1;;;;11;55.2;;0
184;2010-12-31;L0180;1;;;;11;53.8;;2
185;2010-12-31;L0181;1;;;;11;54.5;;3
186;2010-12-31;L0186;1;;;;11;63.7;;2
187;2010-12-31;L0188;1;;;;11;63.4;;2
188;2010-12-31;L0189;1;;;;11;64;;0
189;2010-12-31;L0196;1;;;;11;54.9;;2
190;2010-12-31;L0203;1;;;;11;56.8;;3
191;2010-12-31;L0205;1;;;;11;59;;2
192;2010-12-31;L0208;1;;;;11;55.4;;2
193;2010-12-31;L0210;1;;;;11;54.9;;2
194;2010-12-31;L0211;1;;;;11;53.8;;2
195;2010-12-31;L0213;1;;;;11;60;;2
196;2010-12-31;L0215;1;;;;11;63.6;;1
197;2010-12-31;L0222;1;;;;11;57.6;;2
198;2010-12-31;L0224;1;;;;11;58.5;;2
199;2010-12-31;L0225;1;;;;11;61.9;;3
200;2010-12-31;L0229;1;;;;11;64.9;;2
201;2010-12-31;L0232;1;;;;11;63;;2
202;2010-12-31;L0248;1;;;;11;55;;2
203;2010-12-31;L0255;1;;;;11;48.8;;2
204;2010-12-31;L0259;1;;;;11;55.5;;3
205;2010-12-31;L0260;1;;;;11;56.7;;2
206;2010-12-31;L0261;1;;;;11;64.3;;2
207;2010-12-31;L0263;1;;;;11;63.2;;2
208;2010-12-31;L0281;1;;;;11;55.3;;3
209;2010-12-31;L0282;1;;;;11;58;;2
210;2010-12-31;L0285;1;;;;11;59.3;;2
211;2010-12-31;L0286;1;;;;11;59;;2
212;2010-12-31;L0290;1;;;;11;57;;2
213;2010-12-31;L0291;1;;;;11;64.1;;2
214;2010-12-31;L0293;1;;;;11;64.1;;2
215;2010-12-31;L0296;1;;;;11;57.2;;2
216;2010-12-31;L0299;1;;;;11;64.2;;2
217;2010-12-31;L0300;1;;;;11;55;;2
218;2010-12-31;L0304;1;;;;11;56.6;;0
219;2010-12-31;L0305;1;;;;11;56.6;;2
220;2010-12-31;L0307;1;;;;11;63;;2
221;2010-12-31;L0308;1;;;;11;58;;2
222;2010-12-31;L0309;1;;;;11;64.6;;0
223;2010-12-31;L0311;1;;;;11;57;;2
224;2010-12-31;L0312;1;;;;11;64;;0
225;2010-12-31;L0314;1;;;;11;64.7;;0
226;2010-12-31;L0317;1;;;;11;63.5;;2
227;2010-12-31;L0321;1;;;;11;56.3;;2
228;2010-12-31;L0344;1;;;;11;58.4;;2
229;2010-12-31;L0346;1;;;;11;56.4;;3
230;2010-12-31;L0347;1;;;;11;63.6;;2
231;2010-12-31;L0351;1;;;;11;49.3;;2
232;2010-12-31;L0352;1;;;;11;56.1;;2
233;2010-12-31;L0354;1;;;;11;50.4;;2
234;2010-12-31;L0355;1;;;;11;64.8;;2
235;2010-12-31;L0356;1;;;;11;56.8;;1
236;2010-12-31;L0357;1;;;;11;52.6;;0
237;2010-12-31;L0358;1;;;;11;56.4;;3
238;2010-12-31;L0359;1;;;;11;63.8;;0
239;2010-12-31;L0360;1;;;;11;64.3;;2
240;2010-12-31;L0361;1;;;;11;54.2;;1
241;2010-12-31;L0362;1;;;;11;60.2;;0
242;2010-12-31;L0363;1;;;;11;63.8;;2
243;2010-12-31;L0364;1;;;;11;64;;3
244;2010-12-31;L0368;1;;;;11;57.9;;2
245;2010-12-31;L0369;1;;;;11;63.6;;1
246;2010-12-31;L0374;1;;;;11;56.3;;2
247;2010-12-31;L0375;1;;;;11;57.4;;2
248;2010-12-31;L0377;1;;;;11;55.3;;2
249;2010-12-31;L0381;1;;;;11;64.5;;0
250;2010-12-31;L0384;1;;;;11;57.3;;3
251;2010-12-31;L0385;1;;;;11;55.4;;2
252;2010-12-31;L0387;1;;;;11;57;;2
253;2010-12-31;L0389;1;;;;11;57.5;;2
254;2010-12-31;L0391;1;;;;11;63.1;;2
255;2010-12-31;L0393;1;;;;11;63.7;;2
256;2010-12-31;L0394;1;;;;11;55.3;;2
257;2010-12-31;L0398;1;;;;11;64.1;;2
258;2010-12-31;L0400;1;;;;11;64.3;;3
259;2010-12-31;L0402;1;;;;11;61.2;;3
260;2010-12-31;L0406;1;;;;11;64.1;;0
261;2010-12-31;L0408;1;;;;11;55;;2
262;2010-12-31;L0409;1;;;;11;57.7;;3
263;2010-12-31;L0411;1;;;;11;57;;2
264;2010-12-31;L0412;1;;;;11;60;;2
265;2010-12-31;L0413;1;;;;11;55;;2
266;2010-12-31;L0415;1;;;;11;56.7;;3
267;2010-12-31;L0416;1;;;;11;64;;0
268;2010-12-31;L0418;1;;;;11;64.1;;2
269;2010-12-31;L0419;1;;;;11;56;;3
270;2010-12-31;L0420;1;;;;11;58.8;;0
271;2010-12-31;L0422;1;;;;11;57.4;;2
272;2010-12-31;L0423;1;;;;11;58.3;;2
273;2010-12-31;L0425;1;;;;11;63.7;;2
274;2010-12-31;L0426;1;;;;11;55.1;;1
275;2010-12-31;L0428;1;;;;11;59.3;;0
276;2010-12-31;L0429;1;;;;11;63.7;;0
277;2013-01-16;L0434;1;;;;11;58.7;;2
278;2010-12-31;L0437;1;;;;11;54.5;;3
279;2010-12-31;L0440;1;;;;11;62.5;;0
280;2010-12-31;L0450;1;;;;11;62.8;;0
281;2010-12-31;L0451;1;;;;11;64;;0
282;2010-12-31;L0453;1;;;;11;62.7;;2
283;2010-12-31;L0456;1;;;;11;48.6;;2
284;2010-12-31;L0461;1;;;;11;57.5;;2
285;2010-12-31;L0463;1;;;;11;58;;2
286;2010-12-31;L0470;1;;;;11;64;;3
287;2010-12-31;L0473;1;;;;11;49.4;;2
288;2010-12-31;L0474;1;;;;11;50.8;;2
289;2010-12-31;L0475;1;;;;11;47.6;;2
290;2010-12-31;L0476;1;;;;11;50.1;;2
291;2010-12-31;L0477;1;;;;11;50.5;;3
292;2010-12-31;L0478;1;;;;11;49.7;;2
293;2010-12-31;L0479;1;;;;11;49.9;;2
294;2010-12-31;L0480;1;;;;11;50;;3
295;2010-12-31;L0481;1;;;;11;50;;2
296;2010-12-31;L0482;1;;;;11;49.8;;2
297;2010-12-31;L0483;1;;;;11;49.3;;0
298;2010-12-31;L0484;1;;;;11;49.5;;2
299;2010-12-31;L0485;1;;;;11;49.4;;2
300;2010-12-31;L0486;1;;;;11;49.2;;2
301;2010-12-31;L0487;1;;;;11;49.6;;2
302;2010-12-31;L0488;1;;;;11;50.3;;2
303;2010-12-31;L0496;1;;;;11;59.4;;2
304;2010-12-31;L0497;1;;;;11;55.8;;2
305;2010-12-31;L0498;1;;;;11;58.8;;2
306;2010-12-31;L0512;1;;;;11;49;;2
307;2010-12-31;L0513;1;;;;11;49.8;;2
308;2010-12-31;L0515;1;;;;11;49.1;;2
309;2010-12-31;L0518;1;;;;11;50.5;;2
310;2010-12-31;L0520;1;;;;11;49.6;;2
311;2010-12-31;L0522;1;;;;11;49.5;;2
312;2010-12-31;L0523;1;;;;11;49.4;;3
313;2010-12-31;L0524;1;;;;11;49.9;;0
314;2010-12-31;L0525;1;;;;11;50.2;;3
315;2010-12-31;L0526;1;;;;11;50.6;;3
316;2010-12-31;L0539;1;;;;11;63.5;;0
317;2010-12-31;L0540;1;;;;11;63.4;;3
318;2010-12-31;L0545;1;;;;11;63.1;;0
319;2010-12-31;L0546;1;;;;11;57.9;;2
320;2010-12-31;L0561;1;;;;11;54.3;;3
321;2010-12-31;L0564;1;;;;11;63.1;;2
322;2010-12-31;L0567;1;;;;11;55.4;;1
323;2010-12-31;L0568;1;;;;11;57.9;;3
324;2010-12-31;L0569;1;;;;11;63.6;;2
325;2010-12-31;L0570;1;;;;11;58.1;;2
326;2010-12-31;L0571;1;;;;11;56.2;;2
327;2010-12-31;L0573;1;;;;11;64;;2
328;2010-12-31;L0577;1;;;;11;64.2;;2
329;2010-12-31;L0584;1;;;;11;63;;3
330;2010-12-31;L0594;1;;;;11;64.1;;2
331;2010-12-31;L0600;1;;;;11;63.2;;2
332;2010-12-31;L0601;1;;;;11;64;;0
333;2010-12-31;L0602;1;;;;11;54.9;;2
334;2010-12-31;L0604;1;;;;11;56;;2
335;2010-12-31;L0607;1;;;;11;63.7;;2
336;2010-12-31;L0614;1;;;;11;64.4;;2
337;2010-12-31;L0615;1;;;;11;57.6;;2
338;2010-12-31;L0616;1;;;;11;62.6;;2
339;2010-12-31;L0625;1;;;;11;49.2;;3
340;2010-12-31;L0626;1;;;;11;56.4;;2
341;2010-12-31;L0627;1;;;;11;64.4;;2
342;2010-12-31;L0631;1;;;;11;63.1;;3
343;2010-12-31;L0632;1;;;;11;48.2;;2
344;2010-12-31;L0633;1;;;;11;63.6;;2
345;2010-12-31;L0634;1;;;;11;50;;2
346;2010-12-31;L0636;1;;;;11;48.2;;0
347;2010-12-31;L0637;1;;;;11;47.6;;2
348;2010-12-31;L0638;1;;;;11;48.4;;2
349;2010-12-31;L0639;1;;;;11;64;;2
350;2010-12-31;L0640;1;;;;11;63.6;;2
351;2010-12-31;L0644;1;;;;11;49.4;;2
352;2012-10-16;L0645;1;;;;11;50.2;;2
353;2010-12-31;L0646;1;;;;11;49.1;;2
354;2012-10-16;L0647;1;;;;11;50.2;;2
355;2010-12-31;L0648;1;;;;11;49.9;;3
356;2010-12-31;L0649;1;;;;11;49.6;;2
357;2010-12-31;L0650;1;;;;11;55.6;;2
358;2010-12-31;L0651;1;;;;11;63.8;;2
359;2012-10-17;L0652;1;;;;11;63.9;;3
360;2010-12-31;L0663;1;;;;11;49.7;;2
361;2010-12-31;L0668;1;;;;11;54.5;;1
362;2010-12-31;L0680;1;;;;11;63.9;;0
363;2010-12-31;L0683;1;;;;11;56;;2
364;2010-12-31;L0688;1;;;;11;55.9;;2
365;2010-12-31;L0691;1;;;;11;63.4;;2
366;2010-12-31;L0710;1;;;;11;63.4;;2
367;2010-12-31;L0712;1;;;;11;58.1;;2
368;2010-12-31;L0714;1;;;;11;63.7;;2
369;2010-12-31;L0723;1;;;;11;56.1;;2
370;2010-12-31;L0725;1;;;;11;63.3;;0
371;2010-12-31;L0727;1;;;;11;56.4;;3
372;2010-12-31;L0732;1;;;;11;57.9;;3
373;2010-12-31;L0734;1;;;;11;64.6;;2
374;2010-12-31;L0735;1;;;;11;49;;2
375;2010-12-31;L0770;1;;;;11;57.2;;2
376;2010-12-31;L0772;1;;;;11;48;;2
377;2010-12-31;L0773;1;;;;11;49.4;;3
378;2010-12-31;L0777;1;;;;11;57.4;;2
379;2010-12-31;L0782;1;;;;11;64;;2
380;2010-12-31;L0788;1;;;;11;63.9;;3
381;2010-12-31;L0789;1;;;;11;58.1;;1
382;2010-12-31;L0794;1;;;;11;63.6;;2
383;2010-12-31;L0797;1;;;;11;62.7;;1
384;2010-12-31;L0799;1;;;;11;63.4;;2
385;2010-12-31;L0800;1;;;;11;55.3;;2
386;2010-12-31;L0801;1;;;;11;64.5;;3
387;2010-12-31;L0807;1;;;;11;50.1;;2
388;2010-12-31;L0808;1;;;;11;48.5;;0
389;2010-12-31;L0809;1;;;;11;50.3;;3
390;2013-10-28;L0810;1;;;;11;49.9;;0
391;2010-12-31;L0811;1;;;;11;49.7;;3
392;2010-12-31;L0812;1;;;;11;49.7;;2
393;2010-12-31;L0813;1;;;;11;50.5;;0
394;2010-12-31;L0814;1;;;;11;50.2;;0
395;2010-12-31;L0816;1;;;;11;49.9;;1
396;2010-12-31;L0817;1;;;;11;49.5;;1
397;2010-12-31;L0818;1;;;;11;49.2;;3
398;2010-12-31;L0819;1;;;;11;50.8;;2
399;2010-12-31;L0820;1;;;;11;49;;2
400;2010-12-31;L0824;1;;;;11;63.7;;3
401;2010-12-31;L0832;1;;;;11;63.7;;3
402;2010-12-31;L0835;1;;;;11;49.1;;0
403;2010-12-31;L0836;1;;;;11;48.5;;1
404;2010-12-31;L0837;1;;;;11;48.8;;2
405;2010-12-31;L0838;1;;;;11;49.5;;2
406;2010-12-31;L0839;1;;;;11;48.8;;2
407;2010-12-31;L0840;1;;;;11;50.2;;0
408;2010-12-31;L0841;1;;;;11;50.2;;3
409;2010-12-31;L0842;1;;;;11;49.6;;2
410;2010-12-31;L0843;1;;;;11;48.1;;3
411;2010-12-31;L0844;1;;;;11;50.6;;2
412;2010-12-31;L0845;1;;;;11;48.8;;1
413;2010-12-31;L0846;1;;;;11;50.1;;3
414;2010-12-31;L0848;1;;;;11;49.9;;2
415;2010-12-31;L0849;1;;;;11;49;;0
416;2010-12-31;L0850;1;;;;11;49.9;;0
417;2010-12-31;L0855;1;;;;11;56.4;;0
418;2010-12-31;L0856;1;;;;11;63.4;;2
419;2010-12-31;L0858;1;;;;11;54.1;;2
420;2010-12-31;L0861;1;;;;11;56.5;;3
421;2010-12-31;L0866;1;;;;11;60.6;;2
422;2010-12-31;L0872;1;;;;11;46.8;;2
423;2010-12-31;L0884;1;;;;11;59;;0
424;2010-12-31;L0898;1;;;;11;60.3;;2
425;2010-12-31;L0904;1;;;;11;64;;1
426;2010-12-31;L0906;1;;;;11;58.9;;2
427;2010-12-31;L0907;1;;;;11;43;;2
428;2010-12-31;L0908;1;;;;11;49;;2
429;2010-12-31;L0909;1;;;;11;48.3;;3
430;2010-12-31;L0910;1;;;;11;48.8;;2
431;2010-12-31;L0911;1;;;;11;49.2;;0
432;2010-12-31;L0912;1;;;;11;49.5;;3
433;2010-12-31;L0913;1;;;;11;49.2;;3
434;2010-12-31;L0914;1;;;;11;49.9;;2
435;2010-12-31;L0915;1;;;;11;49.3;;3
436;2010-12-31;L0916;1;;;;11;51;;2
437;2010-12-31;L0917;1;;;;11;49.4;;0
438;2010-12-31;L0920;1;;;;11;49.5;;0
439;2010-12-31;L0921;1;;;;11;48.6;;0
440;2012-10-16;L0922;1;;;;11;50.1;;3
441;2010-12-31;L0923;1;;;;11;49.5;;3
442;2010-12-31;L0924;1;;;;11;49.8;;2
443;2010-12-31;L0925;1;;;;11;50;;0
444;2010-12-31;L0926;1;;;;11;50.3;;1
445;2010-12-31;L0927;1;;;;11;49.6;;3
446;2010-12-31;L0928;1;;;;11;50;;2
447;2010-12-31;L0939;1;;;;11;65.3;;0
448;2010-12-31;L0949;1;;;;11;51.1;;2
449;2010-12-31;L0950;1;;;;11;49;;2
450;2010-12-31;L0951;1;;;;11;50.1;;1
451;2010-12-31;L0952;1;;;;11;48.8;;3
452;2010-12-31;L0953;1;;;;11;49.8;;2
453;2010-12-31;L0954;1;;;;11;50.1;;2
454;2010-12-31;L0955;1;;;;11;49.5;;2
455;2010-12-31;L0956;1;;;;11;49.3;;3
456;2010-12-31;L0961;1;;;;11;48.5;;3
457;2010-12-31;L0962;1;;;;11;47.7;;2
458;2010-12-31;L0963;1;;;;11;47.7;;2
459;2010-12-31;L0964;1;;;;11;48.2;;2
460;2010-12-31;L0965;1;;;;11;48.9;;0
461;2010-12-31;L0966;1;;;;11;47.8;;0
462;2010-12-31;L0967;1;;;;11;48.3;;0
463;2010-12-31;L0968;1;;;;11;48.4;;2
464;2010-12-31;L0969;1;;;;11;49;;2
465;2010-12-31;L0970;1;;;;11;48.7;;3
466;2010-12-31;L0972;1;;;;11;46.7;;2
467;2010-12-31;L0973;1;;;;11;46.2;;2
468;2010-12-31;L0974;1;;;;11;46;;2
469;2010-12-31;L0975;1;;;;11;46.1;;2
470;2010-12-31;L0976;1;;;;11;45.1;;0
471;2010-12-31;L0977;1;;;;11;45.6;;3
472;2010-12-31;L0978;1;;;;11;45;;2
473;2010-12-31;L0979;1;;;;11;46.2;;0
474;2010-12-31;L0980;1;;;;11;45.9;;2
475;2010-12-31;L0981;1;;;;11;44.8;;2
476;2010-12-31;L0982;1;;;;11;45.6;;0
477;2010-12-31;L0983;1;;;;11;46.6;;2
478;2010-12-31;L0984;1;;;;11;44;;3
479;2010-12-31;L0985;1;;;;11;46;;1
480;2010-12-31;L0986;1;;;;11;47;;2
481;2010-12-31;L0987;1;;;;11;58.6;;3
482;2012-07-06;L0989;1;;;;11;47.5;;2
483;2012-07-06;L0990;1;;;;11;45.1;;3
484;2012-07-06;L0991;1;;;;11;46.3;;2
485;2012-08-13;L0992;1;;;;11;46.9;;2
486;2012-07-06;L0993;1;;;;11;45.7;;2
487;2012-07-06;L0994;1;;;;11;46.4;;2
488;2012-07-06;L0995;1;;;;11;45.5;;0
489;2012-07-06;L0996;1;;;;11;45.9;;3
490;2012-07-06;L0997;1;;;;11;46.7;;3
491;2012-07-06;L0998;1;;;;11;46.1;;2
492;2012-07-06;L0999;1;;;;11;45.2;;0
493;2012-07-06;L1000;1;;;;11;45.9;;2
494;2012-07-06;L1001;1;;;;11;45.8;;2
495;2012-07-06;L1002;1;;;;11;45.8;;2
496;2012-07-06;L1003;1;;;;11;45.5;;0
497;2012-07-06;L1004;1;;;;11;46.5;;0
498;2012-07-06;L1005;1;;;;11;46.7;;0
499;2012-07-13;L1008;1;;;;11;46;;0
500;2012-07-13;L1009;1;;;;11;47.2;;2
501;2012-07-13;L1010;1;;;;11;44.8;;0
502;2010-12-31;L1011;1;;;;11;45.5;;0
503;2012-07-13;L1012;1;;;;11;46.6;;1
504;2012-07-13;L1013;1;;;;11;45.7;;0
505;2012-07-13;L1014;1;;;;11;45.4;;0
506;2012-07-19;L1015;1;;;;11;61.5;;2
507;2012-07-19;L1016;1;;;;11;60.5;;3
508;2012-07-19;L1017;1;;;;11;61.7;;3
509;2012-07-19;L1018;1;;;;11;60.1;;2
510;2012-07-19;L1019;1;;;;11;60.2;;3
511;2012-07-19;L1020;1;;;;11;61.2;;2
512;2012-07-19;L1021;1;;;;11;61.3;;3
513;2012-07-19;L1022;1;;;;11;61.7;;2
514;2012-07-19;L1023;1;;;;11;60.8;;0
515;2012-07-19;L1024;1;;;;11;60.2;;0
516;2012-07-19;L1025;1;;;;11;60.3;;2
517;2012-07-19;L1026;1;;;;11;62;;2
518;2012-07-19;L1027;1;;;;11;60.5;;3
519;2012-07-19;L1028;1;;;;11;60.2;;0
520;2012-07-19;L1029;1;;;;11;60.8;;1
521;2012-07-19;L1030;1;;;;11;61.1;;2
522;2012-07-19;L1031;1;;;;11;61.8;;3
523;2012-07-19;L1032;1;;;;11;61.4;;3
524;2012-07-19;L1033;1;;;;11;61;;0
525;2012-07-19;L1034;1;;;;11;60.3;;1
526;2012-07-20;L1035;1;;;;11;46;;0
527;2012-07-20;L1036;1;;;;11;45.2;;1
528;2012-07-20;L1037;1;;;;11;46.6;;2
529;2012-07-20;L1038;1;;;;11;46.2;;0
530;2012-07-20;L1039;1;;;;11;46.3;;2
531;2012-07-20;L1040;1;;;;11;45.9;;3
532;2012-07-20;L1041;1;;;;11;46.3;;2
533;2012-07-20;L1042;1;;;;11;47;;2
534;2012-07-20;L1043;1;;;;11;46.9;;3
535;2012-07-20;L1044;1;;;;11;60.1;;1
536;2012-07-20;L1045;1;;;;11;62.1;;2
537;2012-07-20;L1046;1;;;;11;60.4;;1
538;2012-07-20;L1047;1;;;;11;60.5;;0
539;2012-07-20;L1048;1;;;;11;60;;2
540;2012-07-20;L1049;1;;;;11;61.4;;2
541;2012-07-20;L1050;1;;;;11;60.9;;0
542;2012-07-20;L1051;1;;;;11;61.9;;2
543;2012-07-20;L1052;1;;;;11;60.7;;3
544;2012-07-20;L1053;1;;;;11;61.6;;0
545;2012-07-20;L1054;1;;;;11;61.2;;0
546;2012-07-20;L1055;1;;;;11;60.1;;0
547;2012-07-20;L1056;1;;;;11;59.9;;0
548;2012-07-20;L1057;1;;;;11;61.1;;2
549;2012-07-20;L1058;1;;;;11;61;;3
550;2012-07-20;L1059;1;;;;11;60.2;;2
551;2012-07-20;L1060;1;;;;11;61.4;;3
552;2010-12-31;L1061;1;;;;11;60.6;;2
553;2012-07-20;L1062;1;;;;11;61;;0
554;2012-07-20;L1063;1;;;;11;60.9;;3
555;2012-07-20;L1064;1;;;;11;61.1;;2
556;2012-07-20;L1065;1;;;;11;61;;2
557;2012-07-20;L1066;1;;;;11;59.9;;2
558;2012-07-20;L1067;1;;;;11;60.3;;2
559;2012-07-20;L1068;1;;;;11;61;;1
560;2012-07-20;L1069;1;;;;11;62.2;;2
561;2012-07-20;L1070;1;;;;11;61.4;;0
562;2012-07-20;L1071;1;;;;11;61.2;;0
563;2012-07-20;L1072;1;;;;11;62;;2
564;2012-07-20;L1073;1;;;;11;60.8;;0
565;2012-07-22;L1075;1;;;;11;61.4;;2
566;2012-07-22;L1076;1;;;;11;61.3;;3
567;2012-07-22;L1077;1;;;;11;61.8;;2
568;2012-07-22;L1078;1;;;;11;61.2;;3
569;2012-07-22;L1079;1;;;;11;61.4;;0
570;2012-07-22;L1080;1;;;;11;61.2;;3
571;2012-07-22;L1081;1;;;;11;62;;3
572;2012-07-22;L1082;1;;;;11;60.7;;0
573;2012-07-22;L1083;1;;;;11;61.6;;2
574;2012-07-22;L1084;1;;;;11;61.5;;2
575;2012-07-22;L1085;1;;;;11;61.3;;1
576;2012-07-22;L1086;1;;;;11;61.6;;2
577;2012-07-22;L1087;1;;;;11;62.2;;2
578;2012-07-22;L1088;1;;;;11;61.4;;3
579;2012-07-22;L1089;1;;;;11;61.6;;0
580;2012-07-22;L1090;1;;;;11;62;;3
581;2012-07-22;L1091;1;;;;11;62;;0
582;2012-07-22;L1092;1;;;;11;61;;3
583;2012-07-22;L1093;1;;;;11;61.1;;2
584;2012-07-22;L1094;1;;;;11;61.4;;0
585;2012-07-22;L1095;1;;;;11;61;;0
586;2012-07-22;L1096;1;;;;11;61.8;;3
587;2012-07-22;L1097;1;;;;11;61.2;;2
588;2012-07-22;L1098;1;;;;11;61.1;;2
589;2012-07-22;L1099;1;;;;11;61.8;;2
590;2012-07-22;L1100;1;;;;11;62.3;;1
591;2012-07-22;L1101;1;;;;11;63.2;;3
592;2012-07-22;L1102;1;;;;11;61.1;;0
593;2012-07-22;L1103;1;;;;11;61.1;;2
594;2012-07-22;L1104;1;;;;11;62.4;;0
595;2012-07-27;L1105;1;;;;11;63.3;;3
596;2012-07-27;L1106;1;;;;11;62.7;;2
597;2012-07-27;L1107;1;;;;11;61.4;;0
598;2012-07-27;L1108;1;;;;11;64.3;;3
599;2012-07-27;L1109;1;;;;11;63;;2
600;2012-07-27;L1110;1;;;;11;62.2;;2
601;2012-07-27;L1111;1;;;;11;63.2;;3
602;2012-07-27;L1112;1;;;;11;61.7;;2
603;2012-07-27;L1113;1;;;;11;61.8;;3
604;2012-07-27;L1114;1;;;;11;63;;3
605;2012-07-27;L1115;1;;;;11;62.3;;2
606;2012-07-27;L1116;1;;;;11;61.8;;2
607;2012-07-27;L1117;1;;;;11;62;;2
608;2012-07-27;L1118;1;;;;11;63.8;;2
609;2012-07-27;L1119;1;;;;11;61.2;;3
610;2012-07-27;L1120;1;;;;11;61.3;;2
611;2012-07-27;L1121;1;;;;11;62.1;;2
612;2012-07-27;L1122;1;;;;11;62.9;;2
613;2012-07-27;L1123;1;;;;11;62.5;;0
614;2012-07-27;L1124;1;;;;11;61.5;;2
615;2012-07-27;L1125;1;;;;11;62.2;;2
616;2012-07-27;L1126;1;;;;11;62.7;;2
617;2012-07-27;L1127;1;;;;11;61.2;;2
618;2012-07-27;L1128;1;;;;11;62.6;;0
619;2012-07-27;L1129;1;;;;11;62.4;;2
620;2012-08-09;L1130;1;;;;11;61.5;;2
621;2012-08-09;L1131;1;;;;11;62.1;;2
622;2012-08-09;L1132;1;;;;11;63.6;;2
623;2012-08-09;L1133;1;;;;11;62.6;;3
624;2012-08-09;L1134;1;;;;11;61.7;;0
625;2012-08-09;L1135;1;;;;11;62.9;;2
626;2012-08-09;L1136;1;;;;11;62.2;;2
627;2012-08-09;L1137;1;;;;11;60.8;;2
628;2012-08-09;L1138;1;;;;11;62.9;;2
629;2012-08-09;L1139;1;;;;11;61.3;;0
630;2012-08-09;L1140;1;;;;11;63.1;;2
631;2012-08-09;L1141;1;;;;11;62.4;;0
632;2012-08-09;L1142;1;;;;11;61.5;;0
633;2012-08-09;L1143;1;;;;11;60.9;;0
634;2012-08-09;L1144;1;;;;11;62.9;;3
635;2012-08-09;L1145;1;;;;11;62.7;;1
636;2012-08-09;L1146;1;;;;11;62.5;;3
637;2012-08-09;L1147;1;;;;11;62.3;;0
638;2012-08-09;L1148;1;;;;11;62.7;;3
639;2012-08-09;L1149;1;;;;11;63.3;;0
640;2012-08-09;L1150;1;;;;11;62.5;;0
641;2012-08-09;L1151;1;;;;11;61.5;;3
642;2012-08-09;L1152;1;;;;11;60.6;;2
643;2012-08-09;L1153;1;;;;11;61.7;;2
644;2012-08-09;L1154;1;;;;11;61.4;;2
645;2012-08-09;L1155;1;;;;11;63.2;;0
646;2012-08-09;L1156;1;;;;11;62;;0
647;2012-08-09;L1157;1;;;;11;61.8;;3
648;2012-08-09;L1158;1;;;;11;61.5;;3
649;2012-08-09;L1159;1;;;;11;63.3;;0
650;2012-08-09;L1160;1;;;;11;62;;2
651;2012-08-09;L1161;1;;;;11;62.7;;0
652;2012-08-09;L1162;1;;;;11;63.3;;0
653;2012-08-09;L1163;1;;;;11;63;;0
654;2012-08-09;L1164;1;;;;11;62.1;;2
655;2012-08-09;L1165;1;;;;11;62.1;;2
656;2012-08-09;L1166;1;;;;11;61;;3
657;2012-08-09;L1167;1;;;;11;62.8;;0
658;2012-08-09;L1168;1;;;;11;62.8;;0
659;2012-08-09;L1169;1;;;;11;63.4;;2
660;2012-08-09;L1170;1;;;;11;61.4;;0
661;2012-08-09;L1171;1;;;;11;62.5;;2
662;2012-08-09;L1172;1;;;;11;62.5;;3
663;2012-08-09;L1173;1;;;;11;62.4;;3
664;2012-08-09;L1174;1;;;;11;61.6;;2
665;2012-08-13;L1175;1;;;;11;46.3;;3
666;2012-08-13;L1176;1;;;;11;47.3;;2
667;2012-08-13;L1177;1;;;;11;46.4;;3
668;2012-08-13;L1178;1;;;;11;46.9;;2
669;2012-08-13;L1179;1;;;;11;46;;0
670;2012-08-13;L1180;1;;;;11;46.4;;3
671;2012-08-13;L1181;1;;;;11;46.3;;0
672;2010-12-31;L1182;1;;;;11;46.9;;0
673;2012-08-13;L1183;1;;;;11;46.6;;2
674;2012-08-13;L1184;1;;;;11;46.2;;3
675;2012-08-13;L1185;1;;;;11;47.6;;3
676;2012-08-13;L1186;1;;;;11;46.1;;2
677;2012-08-13;L1187;1;;;;11;46.6;;2
678;2012-08-13;L1188;1;;;;11;45.7;;2
679;2012-08-13;L1189;1;;;;11;46.4;;0
680;2012-08-13;L1190;1;;;;11;45.8;;2
681;2012-08-13;L1191;1;;;;11;45.5;;2
682;2012-08-13;L1192;1;;;;11;46.4;;2
683;2012-08-13;L1193;1;;;;11;45.7;;2
684;2012-08-13;L1194;1;;;;11;45.2;;3
685;2012-08-13;L1195;1;;;;11;46;;3
686;2012-08-13;L1196;1;;;;11;47.1;;0
687;2012-08-13;L1197;1;;;;11;45.7;;2
688;2012-08-13;L1198;1;;;;11;46.6;;2
689;2012-08-13;L1199;1;;;;11;45.8;;3
690;2012-08-13;L1200;1;;;;11;45.9;;0
691;2012-08-13;L1201;1;;;;11;46;;2
692;2012-08-13;L1202;1;;;;11;46.3;;2
693;2012-08-13;L1203;1;;;;11;46.8;;1
694;2012-08-30;L1204;1;;;;11;45;;1
695;2012-08-30;L1205;1;;;;11;46.6;;2
696;2012-08-30;L1206;1;;;;11;46.3;;2
697;2012-08-30;L1207;1;;;;11;50.2;;2
698;2012-08-30;L1208;1;;;;11;48.9;;2
699;2012-08-30;L1209;1;;;;11;45.7;;2
700;2012-08-30;L1210;1;;;;11;45.5;;1
701;2012-08-30;L1211;1;;;;11;47.3;;2
702;2012-08-30;L1212;1;;;;11;45.7;;3
703;2010-12-31;L1213;1;;;;11;64.6;;2
704;2010-12-31;L1219;1;;;;11;64;;2
705;2010-12-31;L1220;1;;;;11;48.6;;2
706;2010-12-31;L1230;1;;;;11;54.3;;0
707;2010-12-31;L1247;1;;;;11;46;;3
708;2010-12-31;L1324;1;;;;11;58.1;;2
709;2010-12-31;L1325;1;;;;11;59.6;;2
710;2010-12-31;L1326;1;;;;11;59.4;;0
711;2010-12-31;L1327;1;;;;11;58.6;;0
712;2010-12-31;L1328;1;;;;11;58.8;;0
713;2010-12-31;L1329;1;;;;11;59;;0
714;2010-12-31;L1330;1;;;;11;59.2;;1
715;2010-12-31;L1331;1;;;;11;57.7;;2
716;2010-12-31;L1332;1;;;;11;58.8;;0
717;2010-12-31;L1333;1;;;;11;59.3;;2
718;2010-12-31;L1334;1;;;;11;59.4;;2
719;2010-12-31;L1335;1;;;;11;58.5;;0
720;2010-12-31;L1336;1;;;;11;59.4;;2
721;2010-12-31;L1337;1;;;;11;59.8;;0
722;2010-12-31;L1338;1;;;;11;59.1;;2
723;2010-12-31;L1339;1;;;;11;59.2;;2
724;2010-12-31;L1340;1;;;;11;60.1;;3
725;2010-12-31;L1341;1;;;;11;58.2;;2
726;2010-12-31;L1342;1;;;;11;57.8;;2
727;2010-12-31;L1343;1;;;;11;59.2;;0
728;2010-12-31;L1344;1;;;;11;59;;3
729;2010-12-31;L1345;1;;;;11;59.9;;3
730;2010-12-31;L1346;1;;;;11;59.6;;2
731;2010-12-31;L1347;1;;;;11;59.5;;0
732;2010-12-31;L1348;1;;;;11;58.1;;2
733;2010-12-31;L1349;1;;;;11;58.3;;3
734;2010-12-31;L1350;1;;;;11;58.8;;0
735;2010-12-31;L1351;1;;;;11;59.1;;2
736;2010-12-31;L1352;1;;;;11;59.2;;2
737;2010-12-31;L1353;1;;;;11;60.2;;2
738;2010-12-31;L1354;1;;;;11;59;;2
739;2010-12-31;L1355;1;;;;11;56.9;;0
740;2010-12-31;L1356;1;;;;11;59.2;;0
741;2010-12-31;L1357;1;;;;11;59;;3
742;2010-12-31;L1358;1;;;;11;59.5;;3
743;2010-12-31;L1359;1;;;;11;58.9;;2
744;2010-12-31;L1360;1;;;;11;59.5;;3
745;2010-12-31;L1361;1;;;;11;59.2;;0
746;2010-12-31;L1362;1;;;;11;57.5;;3
747;2010-12-31;L1363;1;;;;11;59.3;;3
748;2010-12-31;L1364;1;;;;11;57.7;;0
749;2010-12-31;L1365;1;;;;11;54.8;;2
750;2010-12-31;L1366;1;;;;11;59.3;;3
751;2010-12-31;L1367;1;;;;11;59.5;;2
752;2010-12-31;L1368;1;;;;11;58.7;;3
753;2010-12-31;L1369;1;;;;11;58.6;;0
754;2010-12-31;L1370;1;;;;11;58.6;;2
755;2010-12-31;L1371;1;;;;11;58.5;;2
756;2010-12-31;L1372;1;;;;11;59.8;;2
757;2010-12-31;L1373;1;;;;11;59.5;;3
758;2010-12-31;L1374;1;;;;11;58.7;;0
759;2010-12-31;L1375;1;;;;11;59.2;;2
760;2010-12-31;L1376;1;;;;11;58.7;;1
761;2010-12-31;L1377;1;;;;11;58.2;;2
762;2010-12-31;L1378;1;;;;11;58.6;;2
763;2010-12-31;L1379;1;;;;11;59.9;;2
764;2010-12-31;L1380;1;;;;11;59.4;;3
765;2010-12-31;L1381;1;;;;11;58.8;;2
766;2010-12-31;L1382;1;;;;11;58.7;;2
767;2010-12-31;L1383;1;;;;11;58.5;;0
768;2010-12-31;L1384;1;;;;11;60.1;;0
769;2010-12-31;L1385;1;;;;11;59;;2
770;2010-12-31;L1386;1;;;;11;59.2;;2
771;2010-12-31;L1387;1;;;;11;60.1;;3
772;2010-12-31;L1388;1;;;;11;58.4;;2
773;2010-12-31;L1389;1;;;;11;57.6;;2
774;2010-12-31;L1390;1;;;;11;58.3;;0
775;2010-12-31;L1391;1;;;;11;58.2;;3
776;2010-12-31;L1392;1;;;;11;59.1;;3
777;2010-12-31;L1393;1;;;;11;59;;0
778;2010-12-31;L1394;1;;;;11;59.9;;2
779;2010-12-31;L1395;1;;;;11;58.9;;3
780;2010-12-31;L1396;1;;;;11;58.5;;1
781;2010-12-31;L1397;1;;;;11;59.2;;3
782;2010-12-31;L1398;1;;;;11;59.5;;3
783;2010-12-31;L1399;1;;;;11;59;;2
784;2010-12-31;L1400;1;;;;11;59.6;;2
785;2010-12-31;L1401;1;;;;11;58.7;;2
786;2010-12-31;L1402;1;;;;11;59.1;;0
787;2010-12-31;L1403;1;;;;11;60.6;;3
788;2010-12-31;L1404;1;;;;11;59.4;;3
789;2010-12-31;L1405;1;;;;11;58.4;;2
790;2010-12-31;L1406;1;;;;11;59.6;;2
791;2010-12-31;L1407;1;;;;11;57.1;;3
792;2010-12-31;L1408;1;;;;11;58.2;;3
793;2010-12-31;L1409;1;;;;11;59;;0
794;2010-12-31;L1410;1;;;;11;59.5;;3
795;2010-12-31;L1411;1;;;;11;58.4;;0
796;2010-12-31;L1412;1;;;;11;59.5;;2
797;2010-12-31;L1413;1;;;;11;59.5;;2
798;2010-12-31;L1414;1;;;;11;58.8;;3
799;2010-12-31;L1415;1;;;;11;58.3;;0
800;2010-12-31;L1416;1;;;;11;58.3;;0
801;2010-12-31;L1417;1;;;;11;58.8;;2
802;2010-12-31;L1418;1;;;;11;58.9;;0
803;2010-12-31;L1419;1;;;;11;59.4;;2
804;2010-12-31;L1420;1;;;;11;59.7;;2
805;2010-12-31;L1421;1;;;;11;59.5;;2
806;2010-12-31;L1422;1;;;;11;58.3;;2
807;2010-12-31;L1423;1;;;;11;60;;2
808;2010-12-31;L1448;1;;;;11;60.1;;2
809;2010-12-31;L1454;1;;;;11;59.4;;0
810;2010-12-31;L1462;1;;;;11;63.3;;2
811;2010-12-31;M0001;1;;;;12;58.4;;2
812;2010-12-31;M0007;1;;;;12;47;;3
813;2010-12-31;M0008;1;;;;12;50.4;;0
814;2010-12-31;M0015;1;;;;12;52.5;;2
815;2010-12-31;M0018;1;;;;12;57.6;;2
816;2010-12-31;M0021;1;;;;12;48.8;;2
817;2010-12-31;M0022;1;;;;12;44.6;;3
818;2010-12-31;M0023;1;;;;12;43.8;;0
819;2010-12-31;M0024;1;;;;12;42.5;;3
820;2010-12-31;M0028;1;;;;12;42.8;;1
821;2010-12-31;M0032;1;;;;12;58.3;;0
822;2010-12-31;M0035;1;;;;12;50.2;;0
823;2010-12-31;M0037;1;;;;12;49.5;;0
824;2010-12-31;M0039;1;;;;12;42.8;;0
825;2010-12-31;M0045;1;;;;12;47.6;;3
826;2010-12-31;M0046;1;;;;12;49.7;;0
827;2010-12-31;M0047;1;;;;12;51.1;;3
828;2010-12-31;M0048;1;;;;12;52.1;;2
829;2010-12-31;M0049;1;;;;12;42.2;;0
830;2010-12-31;M0050;1;;;;12;45.6;;3
831;2010-12-31;M0051;1;;;;12;49;;2
832;2010-12-31;M0052;1;;;;12;53.3;;0
833;2010-12-31;M0053;1;;;;12;50.8;;2
834;2010-12-31;M0054;1;;;;12;48.4;;2
835;2010-12-31;M0055;1;;;;12;40.7;;3
836;2010-12-31;M0057;1;;;;12;58.6;;2
837;2010-12-31;M0058;1;;;;12;53.6;;0
838;2010-12-31;M0061;1;;;;12;58.4;;3
839;2010-12-31;M0062;1;;;;12;42.8;;3
840;2010-12-31;M0063;1;;;;12;48.1;;0
841;2010-12-31;M0066;1;;;;12;49.2;;2
842;2010-12-31;M0067;1;;;;12;54.3;;2
843;2010-12-31;M0068;1;;;;12;58.1;;0
844;2010-12-31;M0069;1;;;;12;57.4;;2
845;2010-12-31;M0070;1;;;;12;42.4;;2
846;2010-12-31;M0071;1;;;;12;47.8;;2
847;2010-12-31;M0072;1;;;;12;59.8;;2
848;2010-12-31;M0074;1;;;;12;47;;3
849;2010-12-31;M0076;1;;;;12;47.4;;3
850;2010-12-31;M0077;1;;;;12;48;;0
851;2010-12-31;M0079;1;;;;12;50.3;;2
852;2010-12-31;M0080;1;;;;12;50.6;;2
853;2018-06-28;M0083;1;;;;12;48.8;;2
854;2010-12-31;M0095;1;;;;12;49.9;;2
855;2010-12-31;M0096;1;;;;12;50.8;;3
856;2010-12-31;M0098;1;;;;12;49.8;;2
857;2010-12-31;M0100;1;;;;12;55.8;;2
858;2010-12-31;M0103;1;;;;12;49.4;;2
859;2010-12-31;M0114;1;;;;12;59.1;;0
860;2010-12-31;M0116;1;;;;12;58;;2
861;2010-12-31;M0131;1;;;;12;49.4;;2
862;2010-12-31;M0132;1;;;;12;57;;3
863;2010-12-31;M0138;1;;;;12;50.4;;2
864;2010-12-31;M0141;1;;;;12;49.8;;2
865;2010-12-31;M0143;1;;;;12;46.9;;3
866;2010-12-31;M0146;1;;;;12;43.5;;0
867;2010-12-31;M0150;1;;;;12;57.3;;3
868;2010-12-31;M0151;1;;;;12;59.3;;0
869;2010-12-31;M0153;1;;;;12;47.1;;3
870;2010-12-31;M0157;1;;;;12;50.4;;3
871;2010-12-31;M0158;1;;;;12;47.6;;3
872;2010-12-31;M0159;1;;;;12;49;;2
873;2010-12-31;M0162;1;;;;12;49.6;;3
874;2010-12-31;M0164;1;;;;12;49;;0
875;2010-12-31;M0165;1;;;;12;55.2;;0
876;2010-12-31;M0166;1;;;;12;48.4;;0
877;2010-12-31;M0183;1;;;;12;49.4;;0
878;2010-12-31;M0192;1;;;;12;58.5;;0
879;2010-12-31;M0194;1;;;;12;53.1;;3
880;2010-12-31;M0195;1;;;;12;57.8;;2
881;2010-12-31;M0197;1;;;;12;57.6;;0
882;2010-12-31;M0198;1;;;;12;50.1;;0
883;2010-12-31;M0199;1;;;;12;50.7;;0
884;2010-12-31;M0200;1;;;;12;51;;0
885;2010-12-31;M0201;1;;;;12;50.7;;0
886;2010-12-31;M0202;1;;;;12;47;;0
887;2010-12-31;M0204;1;;;;12;49;;0
888;2010-12-31;M0206;1;;;;12;54;;0
889;2010-12-31;M0207;1;;;;12;48.5;;0
890;2010-12-31;M0214;1;;;;12;47.8;;0
891;2010-12-31;M0219;1;;;;12;54.8;;0
892;2010-12-31;M0223;1;;;;12;48;;0
893;2010-12-31;M0226;1;;;;12;50.4;;0
894;2010-12-31;M0227;1;;;;12;49.4;;2
895;2010-12-31;M0228;1;;;;12;49.4;;3
896;2010-12-31;M0230;1;;;;12;49.4;;0
897;2010-12-31;M0231;1;;;;12;49.1;;0
898;2010-12-31;M0233;1;;;;12;49.9;;0
899;2010-12-31;M0234;1;;;;12;49.6;;3
900;2010-12-31;M0235;1;;;;12;49;;1
901;2010-12-31;M0236;1;;;;12;50.2;;0
902;2010-12-31;M0237;1;;;;12;51.5;;0
903;2010-12-31;M0238;1;;;;12;50;;0
904;2010-12-31;M0241;1;;;;12;50.2;;0
905;2010-12-31;M0242;1;;;;12;48.6;;0
906;2010-12-31;M0244;1;;;;12;49.2;;0
907;2010-12-31;M0246;1;;;;12;49.4;;0
908;2010-12-31;M0247;1;;;;12;50.8;;0
909;2010-12-31;M0249;1;;;;12;50.5;;0
910;2010-12-31;M0250;1;;;;12;50.2;;2
911;2010-12-31;M0251;1;;;;12;50.3;;2
912;2010-12-31;M0252;1;;;;12;49;;0
913;2010-12-31;M0256;1;;;;12;48.8;;3
914;2010-12-31;M0257;1;;;;12;52;;0
915;2010-12-31;M0258;1;;;;12;49.8;;0
916;2010-12-31;M0262;1;;;;12;50.2;;3
917;2010-12-31;M0267;1;;;;12;58.4;;0
918;2010-12-31;M0268;1;;;;12;50.8;;0
919;2010-12-31;M0269;1;;;;12;50.2;;0
920;2010-12-31;M0270;1;;;;12;49.6;;0
921;2010-12-31;M0272;1;;;;12;48.3;;0
922;2010-12-31;M0273;1;;;;12;45.3;;2
923;2010-12-31;M0275;1;;;;12;44.5;;0
924;2010-12-31;M0276;1;;;;12;45.3;;0
925;2010-12-31;M0277;1;;;;12;50.6;;3
926;2010-12-31;M0278;1;;;;12;50.4;;0
927;2010-12-31;M0279;1;;;;12;44.4;;2
928;2010-12-31;M0283;1;;;;12;49.2;;0
929;2010-12-31;M0287;1;;;;12;58.4;;0
930;2010-12-31;M0288;1;;;;12;49.4;;0
931;2010-12-31;M0292;1;;;;12;52.6;;0
932;2010-12-31;M0294;1;;;;12;45.7;;0
933;2010-12-31;M0297;1;;;;12;49.2;;2
934;2010-12-31;M0298;1;;;;12;44.7;;0
935;2010-12-31;M0301;1;;;;12;49.3;;3
936;2010-12-31;M0302;1;;;;12;52.8;;0
937;2013-01-16;M0303;1;;;;12;52.4;;0
938;2010-12-31;M0306;1;;;;12;55.8;;3
939;2010-12-31;M0313;1;;;;12;50.4;;0
940;2010-12-31;M0315;1;;;;12;57.1;;3
941;2010-12-31;M0316;1;;;;12;51.9;;3
942;2010-12-31;M0318;1;;;;12;56;;0
943;2010-12-31;M0319;1;;;;12;57.3;;2
944;2010-12-31;M0323;1;;;;12;48.4;;0
945;2010-12-31;M0324;1;;;;12;48;;3
946;2010-12-31;M0325;1;;;;12;52.4;;0
947;2010-12-31;M0328;1;;;;12;55.8;;0
948;2010-12-31;M0329;1;;;;12;49.8;;0
949;2010-12-31;M0331;1;;;;12;47.5;;0
950;2010-12-31;M0333;1;;;;12;49.2;;3
951;2010-12-31;M0335;1;;;;12;50.4;;2
952;2010-12-31;M0336;1;;;;12;58;;0
953;2010-12-31;M0337;1;;;;12;47.4;;2
954;2010-12-31;M0338;1;;;;12;45.5;;3
955;2010-12-31;M0339;1;;;;12;56;;0
956;2010-12-31;M0340;1;;;;12;51.3;;0
957;2010-12-31;M0341;1;;;;12;51.7;;2
958;2010-12-31;M0345;1;;;;12;50.5;;3
959;2010-12-31;M0348;1;;;;12;55;;0
960;2010-12-31;M0350;1;;;;12;51.1;;0
961;2010-12-31;M0353;1;;;;12;50.4;;0
962;2010-12-31;M0365;1;;;;12;54.6;;3
963;2010-12-31;M0366;1;;;;12;49.6;;0
964;2010-12-31;M0371;1;;;;12;48.6;;1
965;2010-12-31;M0372;1;;;;12;57.3;;3
966;2010-12-31;M0373;1;;;;12;60.8;;0
967;2010-12-31;M0376;1;;;;12;53.6;;0
968;2010-12-31;M0378;1;;;;12;51;;0
969;2010-12-31;M0379;1;;;;12;50.4;;2
970;2010-12-31;M0382;1;;;;12;49.2;;0
971;2010-12-31;M0383;1;;;;12;51.8;;0
972;2010-12-31;M0386;1;;;;12;50.8;;2
973;2010-12-31;M0388;1;;;;12;46.2;;2
974;2010-12-31;M0390;1;;;;12;57.8;;0
975;2012-10-16;M0395;1;;;;12;54.1;;3
976;2010-12-31;M0397;1;;;;12;51.4;;0
977;2010-12-31;M0399;1;;;;12;50.3;;3
978;2010-12-31;M0401;1;;;;12;49.7;;0
979;2010-12-31;M0403;1;;;;12;47.5;;2
980;2010-12-31;M0404;1;;;;12;50.5;;2
981;2010-12-31;M0405;1;;;;12;50;;0
982;2010-12-31;M0407;1;;;;12;51.4;;0
983;2010-12-31;M0410;1;;;;12;45.7;;0
984;2010-12-31;M0414;1;;;;12;50.2;;2
985;2010-12-31;M0424;1;;;;12;49.2;;2
986;2010-12-31;M0427;1;;;;12;58;;0
987;2010-12-31;M0431;1;;;;12;49.8;;0
988;2010-12-31;M0433;1;;;;12;48.8;;0
989;2010-12-31;M0438;1;;;;12;50.6;;3
990;2010-12-31;M0439;1;;;;12;59.6;;0
991;2010-12-31;M0442;1;;;;12;60;;2
992;2010-12-31;M0443;1;;;;12;48.8;;0
993;2010-12-31;M0444;1;;;;12;48.4;;0
994;2010-12-31;M0445;1;;;;12;55.8;;0
995;2010-12-31;M0448;1;;;;12;60.2;;2
996;2010-12-31;M0452;1;;;;12;58.3;;2
997;2010-12-31;M0454;1;;;;12;55.6;;0
998;2010-12-31;M0457;1;;;;12;55.2;;0
999;2010-12-31;M0458;1;;;;12;50.8;;3
1000;2010-12-31;M0459;1;;;;12;48.6;;0
1001;2010-12-31;M0460;1;;;;12;57.6;;0
1002;2010-12-31;M0462;1;;;;12;52.2;;0
1003;2010-12-31;M0466;1;;;;12;52.2;;3
1004;2010-12-31;M0468;1;;;;12;50.6;;0
1005;2010-12-31;M0469;1;;;;12;54.5;;0
1006;2010-12-31;M0471;1;;;;12;51.4;;0
1007;2010-12-31;M0489;1;;;;12;55.9;;0
1008;2010-12-31;M0490;1;;;;12;50.4;;0
1009;2010-12-31;M0491;1;;;;12;53.8;;0
1010;2010-12-31;M0492;1;;;;12;41.3;;3
1011;2010-12-31;M0493;1;;;;12;48.2;;2
1012;2010-12-31;M0494;1;;;;12;49.6;;0
1013;2010-12-31;M0499;1;;;;12;50;;2
1014;2010-12-31;M0501;1;;;;12;56;;0
1015;2010-12-31;M0502;1;;;;12;56.3;;0
1016;2010-12-31;M0503;1;;;;12;48.5;;0
1017;2010-12-31;M0505;1;;;;12;54.8;;0
1018;2010-12-31;M0508;1;;;;12;49.6;;0
1019;2010-12-31;M0509;1;;;;12;51;;0
1020;2010-12-31;M0510;1;;;;12;50.2;;1
1021;2010-12-31;M0514;1;;;;12;46;;3
1022;2010-12-31;M0517;1;;;;12;46.8;;3
1023;2010-12-31;M0519;1;;;;12;42.8;;0
1024;2010-12-31;M0521;1;;;;12;53.3;;0
1025;2010-12-31;M0527;1;;;;12;60.8;;0
1026;2010-12-31;M0528;1;;;;12;47.5;;0
1027;2010-12-31;M0534;1;;;;12;54.2;;0
1028;2010-12-31;M0535;1;;;;12;49;;2
1029;2010-12-31;M0536;1;;;;12;58.6;;0
1030;2010-12-31;M0537;1;;;;12;48.8;;3
1031;2010-12-31;M0541;1;;;;12;49.9;;0
1032;2010-12-31;M0543;1;;;;12;54.8;;0
1033;2010-12-31;M0544;1;;;;12;47.6;;3
1034;2010-12-31;M0549;1;;;;12;45.7;;0
1035;2010-12-31;M0554;1;;;;12;57.6;;2
1036;2010-12-31;M0555;1;;;;12;58.2;;0
1037;2010-12-31;M0557;1;;;;12;56;;2
1038;2010-12-31;M0558;1;;;;12;49.2;;2
1039;2010-12-31;M0559;1;;;;12;50.7;;3
1040;2010-12-31;M0560;1;;;;12;50.5;;0
1041;2010-12-31;M0563;1;;;;12;51;;0
1042;2010-12-31;M0565;1;;;;12;48.9;;0
1043;2010-12-31;M0566;1;;;;12;51.1;;0
1044;2010-12-31;M0575;1;;;;12;50.7;;0
1045;2010-12-31;M0576;1;;;;12;52;;3
1046;2010-12-31;M0579;1;;;;12;49.4;;0
1047;2010-12-31;M0582;1;;;;12;47.4;;3
1048;2010-12-31;M0583;1;;;;12;51.8;;0
1049;2010-12-31;M0586;1;;;;12;54.2;;0
1050;2010-12-31;M0595;1;;;;12;47.8;;0
1051;2010-12-31;M0596;1;;;;12;49.1;;2
1052;2010-12-31;M0597;1;;;;12;47.5;;0
1053;2010-12-31;M0598;1;;;;12;57.3;;3
1054;2010-12-31;M0599;1;;;;12;50.3;;0
1055;2010-12-31;M0605;1;;;;12;52.6;;2
1056;2010-12-31;M0606;1;;;;12;50.8;;0
1057;2010-12-31;M0608;1;;;;12;51.2;;2
1058;2010-12-31;M0609;1;;;;12;50.3;;0
1059;2010-12-31;M0610;1;;;;12;53.4;;0
1060;2010-12-31;M0611;1;;;;12;56.5;;3
1061;2010-12-31;M0612;1;;;;12;51.9;;3
1062;2010-12-31;M0617;1;;;;12;45.9;;0
1063;2010-12-31;M0618;1;;;;12;51.8;;2
1064;2010-12-31;M0620;1;;;;12;50.8;;0
1065;2010-12-31;M0621;1;;;;12;50.1;;0
1066;2010-12-31;M0622;1;;;;12;44.3;;0
1067;2010-12-31;M0623;1;;;;12;51.4;;0
1068;2010-12-31;M0624;1;;;;12;49.7;;0
1069;2010-12-31;M0628;1;;;;12;58.2;;0
1070;2010-12-31;M0630;1;;;;12;58;;0
1071;2010-12-31;M0641;1;;;;12;51.1;;0
1072;2010-12-31;M0642;1;;;;12;45.4;;0
1073;2010-12-31;M0643;1;;;;12;58.4;;3
1074;2010-12-31;M0653;1;;;;12;58.6;;3
1075;2010-12-31;M0654;1;;;;12;56.4;;0
1076;2010-12-31;M0657;1;;;;12;50.9;;0
1077;2010-12-31;M0658;1;;;;12;54.3;;0
1078;2010-12-31;M0661;1;;;;12;49.5;;0
1079;2010-12-31;M0665;1;;;;12;48.8;;2
1080;2010-12-31;M0666;1;;;;12;42.8;;0
1081;2010-12-31;M0667;1;;;;12;52.4;;2
1082;2010-12-31;M0669;1;;;;12;50.2;;0
1083;2010-12-31;M0670;1;;;;12;51.1;;0
1084;2010-12-31;M0671;1;;;;12;51;;2
1085;2010-12-31;M0673;1;;;;12;44.3;;2
1086;2010-12-31;M0674;1;;;;12;45;;0
1087;2010-12-31;M0675;1;;;;12;51;;0
1088;2010-12-31;M0676;1;;;;12;46.3;;0
1089;2010-12-31;M0677;1;;;;12;49.4;;0
1090;2010-12-31;M0679;1;;;;12;49;;0
1091;2010-12-31;M0681;1;;;;12;53;;0
1092;2010-12-31;M0684;1;;;;12;59.4;;0
1093;2010-12-31;M0685;1;;;;12;52.9;;0
1094;2010-12-31;M0687;1;;;;12;58.8;;0
1095;2010-12-31;M0690;1;;;;12;54.9;;0
1096;2010-12-31;M0709;1;;;;12;57.1;;0
1097;2012-10-18;M0719;1;;;;12;44.1;;0
1098;2010-12-31;M0720;1;;;;12;56.4;;0
1099;2010-12-31;M0722;1;;;;12;41.8;;0
1100;2010-12-31;M0728;1;;;;12;50;;2
1101;2010-12-31;M0729;1;;;;12;48.3;;3
1102;2010-12-31;M0737;1;;;;12;30.5;;2
1103;2010-12-31;M0738;1;;;;12;50.4;;2
1104;2010-12-31;M0746;1;;;;12;43.4;;3
1105;2010-12-31;M0747;1;;;;12;52.6;;2
1106;2010-12-31;M0748;1;;;;12;57.6;;2
1107;2010-12-31;M0749;1;;;;12;46.6;;0
1108;2010-12-31;M0750;1;;;;12;53.3;;2
1109;2010-12-31;M0751;1;;;;12;41.2;;3
1110;2010-12-31;M0752;1;;;;12;44.6;;0
1111;2010-12-31;M0753;1;;;;12;48.7;;2
1112;2010-12-31;M0754;1;;;;12;52.2;;3
1113;2010-12-31;M0756;1;;;;12;49.6;;0
1114;2010-12-31;M0757;1;;;;12;54.8;;3
1115;2010-12-31;M0758;1;;;;12;59.4;;3
1116;2010-12-31;M0759;1;;;;12;55;;3
1117;2010-12-31;M0760;1;;;;12;49.6;;2
1118;2010-12-31;M0762;1;;;;12;54;;2
1119;2010-12-31;M0763;1;;;;12;56.4;;2
1120;2010-12-31;M0764;1;;;;12;49.1;;2
1121;2010-12-31;M0765;1;;;;12;50.2;;2
1122;2010-12-31;M0769;1;;;;12;54;;2
1123;2010-12-31;M0771;1;;;;12;53.8;;2
1124;2010-12-31;M0775;1;;;;12;50;;0
1125;2010-12-31;M0779;1;;;;12;45.9;;2
1126;2010-12-31;M0780;1;;;;12;56.6;;3
1127;2010-12-31;M0781;1;;;;12;52;;2
1128;2010-12-31;M0784;1;;;;12;48.4;;1
1129;2010-12-31;M0785;1;;;;12;52.2;;2
1130;2010-12-31;M0786;1;;;;12;55.2;;3
1131;2010-12-31;M0787;1;;;;12;50.5;;2
1132;2010-12-31;M0792;1;;;;12;54.8;;0
1133;2010-12-31;M0793;1;;;;12;50.6;;0
1134;2010-12-31;M0796;1;;;;12;48.7;;2
1135;2010-12-31;M0798;1;;;;12;54;;0
1136;2010-12-31;M0803;1;;;;12;50.1;;0
1137;2010-12-31;M0805;1;;;;12;54;;0
1138;2010-12-31;M0806;1;;;;12;46.7;;2
1139;2010-12-31;M0821;1;;;;12;57.1;;0
1140;2010-12-31;M0822;1;;;;12;49.3;;2
1141;2010-12-31;M0823;1;;;;12;49.8;;0
1142;2010-12-31;M0825;1;;;;12;48.3;;0
1143;2010-12-31;M0826;1;;;;12;56.2;;0
1144;2010-12-31;M0827;1;;;;12;49.1;;3
1145;2010-12-31;M0829;1;;;;12;49.5;;0
1146;2010-12-31;M0831;1;;;;12;50.5;;0
1147;2010-12-31;M0853;1;;;;12;49.5;;3
1148;2010-12-31;M0859;1;;;;12;45.4;;1
1149;2010-12-31;M0860;1;;;;12;50.6;;3
1150;2010-12-31;M0862;1;;;;12;49.8;;2
1151;2010-12-31;M0863;1;;;;12;48.6;;3
1152;2010-12-31;M0865;1;;;;12;50.9;;0
1153;2010-12-31;M0868;1;;;;12;40.6;;2
1154;2010-12-31;M0869;1;;;;12;53;;3
1155;2010-12-31;M0870;1;;;;12;52;;0
1156;2010-12-31;M0871;1;;;;12;49.8;;0
1157;2010-12-31;M0883;1;;;;12;50;;1
1158;2010-12-31;M0892;1;;;;12;44.9;;0
1159;2010-12-31;M0899;1;;;;12;42.1;;0
1160;2010-12-31;M0900;1;;;;12;53.3;;3
1161;2010-12-31;M0902;1;;;;12;37;;0
1162;2010-12-31;M0905;1;;;;12;43.7;;2
1163;2010-12-31;M0918;1;;;;12;41.4;;0
1164;2010-12-31;M0929;1;;;;12;40.2;;0
1165;2010-12-31;M0930;1;;;;12;37.3;;0
1166;2010-12-31;M0931;1;;;;12;43.6;;3
1167;2010-12-31;M0932;1;;;;12;51.2;;0
1168;2010-12-31;M0933;1;;;;12;42.7;;0
1169;2010-12-31;M0934;1;;;;12;59;;1
1170;2010-12-31;M0935;1;;;;12;50.9;;0
1171;2010-12-31;M0936;1;;;;12;53.2;;3
1172;2010-12-31;M0938;1;;;;12;53.2;;0
1173;2010-12-31;M0940;1;;;;12;49.4;;1
1174;2010-12-31;M0941;1;;;;12;38.3;;2
1175;2010-12-31;M0943;1;;;;12;42.5;;0
1176;2010-12-31;M0945;1;;;;12;41.4;;2
1177;2010-12-31;M0946;1;;;;12;47.8;;3
1178;2010-12-31;M0957;1;;;;12;50.7;;2
1179;2010-12-31;M0958;1;;;;12;55.2;;2
1180;2010-12-31;M0959;1;;;;12;55.3;;3
1181;2010-12-31;M0960;1;;;;12;49.6;;3
1182;2010-12-31;M0971;1;;;;12;50.6;;3
1183;2010-12-31;M0988;1;;;;12;57.9;;1
1184;2012-07-07;M1006;1;;;;12;54.8;;3
1185;2010-12-31;M1007;1;;;;12;52.4;;3
1186;2010-12-31;M1221;1;;;;12;53.9;;1
1187;2010-12-31;M1237;1;;;;12;55.4;;2
1188;2010-12-31;M1239;1;;;;12;54.5;;2
1189;2010-12-31;M1248;1;;;;12;48.2;;2
1190;2010-12-31;M1249;1;;;;12;49.1;;3
1191;2010-12-31;M1252;1;;;;12;44.1;;2
1192;2010-12-31;M1265;1;;;;12;54.6;;2
1193;2010-12-31;M1274;1;;;;12;41.2;;2
1194;2010-12-31;M1278;1;;;;12;50.3;;3
1195;2010-12-31;M1299;1;;;;12;55.6;;3
1196;2010-12-31;M1312;1;;;;12;57.9;;2
1197;2010-12-31;M1323;1;;;;12;60.5;;3
1198;2013-10-16;M1441;1;;;;12;41.9;;3
1199;2010-12-31;M1446;1;;;;12;50.7;;2
1200;2010-12-31;M1456;1;;;;12;43.6;;3
1201;2010-12-31;M1457;1;;;;12;49.7;;3
1202;2010-12-31;P0001;2;;;;13;5.2;;3
1203;2010-12-31;P0002;2;;;;13;6;;2
1204;2010-12-31;P0003;2;;;;13;5.8;;3
1205;2010-12-31;P0004;2;;;;13;8.6;;2
1206;2010-12-31;P0005;2;;;;13;7.8;;3
1207;2010-12-31;P0006;2;;;;13;6.9;;3
1208;2010-12-31;P0007;2;;;;13;7.1;;3
1209;2010-12-31;P0008;2;;;;13;6.8;;3
1210;2010-12-31;P0009;2;;;;13;7.6;;2
1211;2010-12-31;P0010;2;;;;13;7.2;;1
1212;2010-12-31;P0011;2;;;;13;8.2;;3
1213;2010-12-31;P0012;2;;;;13;7;;3
1214;2010-12-31;P0013;2;;;;13;5.8;;2
1215;2010-12-31;P0014;2;;;;13;6.8;;1
1216;2010-12-31;P0015;2;;;;13;7.8;;3
1217;2010-12-31;P0016;2;;;;13;7.6;;0
1218;2010-12-31;P0017;2;;;;13;7.2;;2
1219;2010-12-31;P0018;2;;;;13;7.2;;2
1220;2010-12-31;P0019;2;;;;13;7.2;;2
1221;2010-12-31;P0020;2;;;;13;7.8;;2
1222;2010-12-31;P0021;2;;;;13;14.4;;2
1223;2010-12-31;P0022;2;;;;13;8;;3
1224;2010-12-31;P0023;2;;;;13;7;;0
1225;2010-12-31;P0024;2;;;;13;7.7;;3
1226;2010-12-31;P0025;2;;;;13;5.6;;2
1227;2010-12-31;P0026;2;;;;13;5.7;;2
1228;2010-12-31;P0027;2;;;;13;6;;0
1229;2010-12-31;P0028;2;;;;13;6;;0
1230;2010-12-31;P0029;2;;;;13;7.2;;2
1231;2010-12-31;P0030;2;;;;13;9;;3
1232;2010-12-31;P0031;2;;;;13;7;;3
1233;2010-12-31;P0032;2;;;;13;6;;2
1234;2010-12-31;P0033;2;;;;13;5.6;;2
1235;2010-12-31;P0034;2;;;;13;7.8;;2
1236;2010-12-31;P0035;2;;;;13;5.8;;2
1237;2010-12-31;P0036;2;;;;13;7.6;;2
1238;2010-12-31;P0037;2;;;;13;5.6;;3
1239;2010-12-31;P0038;2;;;;13;5.6;;2
1240;2010-12-31;P0039;2;;;;13;7.2;;2
1241;2010-12-31;P0040;2;;;;13;7.2;;0
1242;2010-12-31;P0041;2;;;;13;5.8;;3
1243;2010-12-31;P0042;2;;;;13;6;;3
1244;2010-12-31;P0043;2;;;;13;5.8;;2
1245;2010-12-31;P0044;2;;;;13;7.4;;3
1246;2010-12-31;P0045;2;;;;13;6;;2
1247;2010-12-31;P0046;2;;;;13;5.7;;1
1248;2010-12-31;P0047;2;;;;13;5.2;;3
1249;2010-12-31;P0048;2;;;;13;6;;0
1250;2010-12-31;P0049;2;;;;13;7.6;;2
1251;2010-12-31;P0050;2;;;;13;7.6;;2
1252;2010-12-31;P0051;2;;;;13;7.2;;2
1253;2010-12-31;P0052;2;;;;13;6.7;;3
1254;2010-12-31;P0053;2;;;;13;7.8;;2
1255;2010-12-31;P0054;2;;;;13;6.8;;3
1256;2010-12-31;P0055;2;;;;13;7.4;;0
1257;2010-12-31;P0056;2;;;;13;7.2;;2
1258;2010-12-31;P0057;2;;;;13;7.8;;2
1259;2010-12-31;P0058;2;;;;13;6.4;;2
1260;2010-12-31;P0059;2;;;;13;9.6;;2
1261;2010-12-31;P0060;2;;;;13;6.4;;2
1262;2010-12-31;P0061;2;;;;13;5.8;;3
1263;2010-12-31;P0062;2;;;;13;7.8;;3
1264;2010-12-31;P0063;2;;;;13;6.8;;2
1265;2010-12-31;P0064;2;;;;13;5.2;;0
1266;2010-12-31;P0065;2;;;;13;7.8;;3
1267;2010-12-31;P0066;2;;;;13;6.8;;3
1268;2010-12-31;P0067;2;;;;13;5.8;;0
1269;2010-12-31;P0068;2;;;;13;7.2;;0
1270;2010-12-31;P0069;2;;;;13;7.6;;0
1271;2010-12-31;P0070;2;;;;13;7;;2
1272;2010-12-31;P0071;2;;;;13;6.8;;0
1273;2010-12-31;P0072;2;;;;13;5.2;;2
1274;2010-12-31;P0073;2;;;;13;6.8;;2
1275;2010-12-31;P0074;2;;;;13;6;;2
1276;2010-12-31;P0075;2;;;;13;7.2;;3
1277;2010-12-31;P0076;2;;;;13;5.8;;1
1278;2010-12-31;P0077;2;;;;13;7.2;;3
1279;2010-12-31;P0078;2;;;;13;7.2;;2
1280;2010-12-31;P0079;2;;;;13;7.8;;2
1281;2010-12-31;P0080;2;;;;13;7.8;;2
1282;2010-12-31;P0081;2;;;;13;7.2;;3
1283;2010-12-31;P0082;2;;;;13;8.6;;3
1284;2010-12-31;P0083;2;;;;13;5.8;;1
1285;2010-12-31;P0084;2;;;;13;6.8;;2
1286;2010-12-31;P0085;2;;;;13;5.8;;2
1287;2010-12-31;P0086;2;;;;13;7;;3
1288;2010-12-31;P0087;2;;;;13;7.4;;3
1289;2010-12-31;P0088;2;;;;13;5.6;;2
1290;2010-12-31;P0089;2;;;;13;6;;2
1291;2010-12-31;P0090;2;;;;13;5.6;;2
1292;2010-12-31;P0091;2;;;;13;7.2;;3
1293;2010-12-31;P0092;2;;;;13;7.8;;2
1294;2010-12-31;P0093;2;;;;13;7;;3
1295;2010-12-31;P0094;2;;;;13;6.4;;2
1296;2010-12-31;P0095;2;;;;13;7.4;;2
1297;2010-12-31;P0096;2;;;;13;5.8;;3
1298;2010-12-31;P0097;2;;;;13;5.8;;2
1299;2010-12-31;P0098;2;;;;13;7.4;;2
1300;2010-12-31;P0099;2;;;;13;7.6;;3
1301;2010-12-31;P0100;2;;;;13;6;;2
1302;2010-12-31;P0101;2;;;;13;6.6;;3
1303;2010-12-31;P0102;2;;;;13;7.8;;3
1304;2010-12-31;P0103;2;;;;13;5.2;;2
1305;2010-12-31;P0104;2;;;;13;7;;3
1306;2010-12-31;P0105;2;;;;13;7.2;;3
1307;2010-12-31;P0106;2;;;;13;5.6;;2
1308;2010-12-31;P0107;2;;;;13;8.2;;2
1309;2010-12-31;P0108;2;;;;13;5.8;;2
1310;2010-12-31;P0109;2;;;;13;7.2;;2
1311;2010-12-31;P0110;2;;;;13;7.2;;2
1312;2010-12-31;P0111;2;;;;13;5.8;;2
1313;2010-12-31;P0112;2;;;;13;6.8;;0
1314;2010-12-31;P0113;2;;;;13;7.8;;2
1315;2010-12-31;P0114;2;;;;13;7.2;;3
1316;2010-12-31;P0115;2;;;;13;8.2;;3
1317;2010-12-31;P0116;2;;;;13;5.8;;0
1318;2010-12-31;P0117;2;;;;13;5.6;;3
1319;2010-12-31;P0118;2;;;;13;7;;0
1320;2010-12-31;P0119;2;;;;13;5.8;;1
1321;2010-12-31;P0120;2;;;;13;9;;2
1322;2010-12-31;P0121;2;;;;13;7.2;;1
1323;2010-12-31;P0122;2;;;;13;5.7;;1
1324;2010-12-31;P0123;2;;;;13;7;;2
1325;2010-12-31;P0124;2;;;;13;7.8;;3
1326;2010-12-31;P0125;2;;;;13;6;;3
1327;2010-12-31;P0126;2;;;;13;5.2;;3
1328;2010-12-31;P0127;2;;;;13;7.6;;2
1329;2010-12-31;P0128;2;;;;13;7.2;;2
1330;2010-12-31;P0129;2;;;;13;5.8;;2
1331;2010-12-31;P0130;2;;;;13;5;;2
1332;2010-12-31;P0131;2;;;;13;6;;2
1333;2010-12-31;P0132;2;;;;13;7.2;;2
1334;2010-12-31;P0133;2;;;;13;5.8;;2
1335;2010-12-31;P0134;2;;;;13;5.6;;2
1336;2010-12-31;P0135;2;;;;13;6.8;;2
1337;2010-12-31;P0136;2;;;;13;7.8;;2
1338;2010-12-31;P0137;2;;;;13;7.8;;3
1339;2010-12-31;P0138;2;;;;13;5.8;;2
1340;2010-12-31;P0139;2;;;;13;7.2;;3
1341;2010-12-31;P0140;2;;;;13;5.2;;2
1342;2010-12-31;P0141;2;;;;13;7.2;;3
1343;2010-12-31;P0142;2;;;;13;7.8;;2
1344;2010-12-31;P0143;2;;;;13;5.7;;2
1345;2010-12-31;P0144;2;;;;13;7.8;;2
1346;2010-12-31;P0145;2;;;;13;6.8;;0
1347;2010-12-31;P0146;2;;;;13;6;;3
1348;2010-12-31;P0147;2;;;;13;7.8;;2
1349;2010-12-31;P0148;2;;;;13;7.2;;1
1350;2010-12-31;P0149;2;;;;13;6.8;;0
1351;2010-12-31;P0150;2;;;;13;7.2;;2
1352;2010-12-31;P0151;2;;;;13;6.8;;0
1353;2010-12-31;P0152;2;;;;13;7.8;;2
1354;2010-12-31;P0153;2;;;;13;7.7;;3
1355;2010-12-31;P0154;2;;;;13;8.4;;2
1356;2010-12-31;P0155;2;;;;13;7.8;;1
1357;2010-12-31;P0156;2;;;;13;6.4;;3
1358;2010-12-31;P0157;2;;;;13;7;;2
1359;2010-12-31;P0158;2;;;;13;6.8;;3
1360;2010-12-31;P0159;2;;;;13;8.1;;2
1361;2010-12-31;P0160;2;;;;13;7.2;;2
1362;2010-12-31;P0161;2;;;;13;7.8;;0
1363;2010-12-31;P0162;2;;;;13;7.8;;2
1364;2010-12-31;P0163;2;;;;13;8.2;;2
1365;2010-12-31;P0164;2;;;;13;5.8;;1
1366;2010-12-31;P0165;2;;;;13;6;;0
1367;2010-12-31;P0166;2;;;;13;6.8;;3
1368;2010-12-31;P0167;2;;;;13;7.8;;3
1369;2010-12-31;P0168;2;;;;13;7.8;;2
1370;2010-12-31;P0169;2;;;;13;7.6;;2
1371;2010-12-31;P0170;2;;;;13;7.2;;3
1372;2010-12-31;P0171;2;;;;13;5.2;;2
1373;2010-12-31;P0172;2;;;;13;5.8;;2
1374;2010-12-31;P0173;2;;;;13;5.2;;2
1375;2010-12-31;P0174;2;;;;13;7.8;;2
1376;2010-12-31;P0175;2;;;;13;7.8;;3
1377;2010-12-31;P0176;2;;;;13;5.8;;2
1378;2010-12-31;P0177;2;;;;13;7.8;;3
1379;2010-12-31;P0178;2;;;;13;6.8;;2
1380;2010-12-31;P0179;2;;;;13;5.8;;2
1381;2010-12-31;P0180;2;;;;13;5.8;;2
1382;2010-12-31;P0181;2;;;;13;6;;2
1383;2010-12-31;P0182;2;;;;13;7.4;;2
1384;2010-12-31;P0183;2;;;;13;7;;2
1385;2010-12-31;P0184;2;;;;13;7.8;;3
1386;2010-12-31;P0185;2;;;;13;7.2;;2
1387;2010-12-31;P0186;2;;;;13;7.7;;2
1388;2010-12-31;P0187;2;;;;13;8;;2
1389;2010-12-31;P0188;2;;;;13;5.6;;2
1390;2010-12-31;P0189;2;;;;13;5.8;;2
1391;2010-12-31;P0190;2;;;;13;5.2;;0
1392;2010-12-31;P0191;2;;;;13;7.3;;0
1393;2010-12-31;P0192;2;;;;13;7.2;;3
1394;2010-12-31;P0193;2;;;;13;7.8;;3
1395;2010-12-31;P0194;2;;;;13;5.2;;2
1396;2010-12-31;P0195;2;;;;13;6.8;;2
1397;2010-12-31;P0196;2;;;;13;6.2;;3
1398;2010-12-31;P0197;2;;;;13;5.6;;2
1399;2010-12-31;P0198;2;;;;13;5.8;;3
1400;2010-12-31;P0199;2;;;;13;7.2;;0
1401;2010-12-31;P0200;2;;;;13;7.8;;1
1402;2010-12-31;P0201;2;;;;13;7;;2
1403;2010-12-31;P0202;2;;;;13;7.8;;2
1404;2010-12-31;P0203;2;;;;13;7;;2
1405;2010-12-31;P0204;2;;;;13;5.2;;3
1406;2010-12-31;P0205;2;;;;13;7.2;;2
1407;2010-12-31;P0206;2;;;;13;7.8;;2
1408;2010-12-31;P0207;2;;;;13;7;;0
1409;2010-12-31;P0208;2;;;;13;7.2;;3
1410;2010-12-31;P0209;2;;;;13;5.6;;2
1411;2010-12-31;P0210;2;;;;13;7.8;;2
1412;2010-12-31;P0211;2;;;;13;5.2;;3
1413;2010-12-31;P0212;2;;;;13;7.3;;0
1414;2010-12-31;P0213;2;;;;13;5.8;;2
1415;2010-12-31;P0214;2;;;;13;7.2;;2
1416;2010-12-31;P0215;2;;;;13;5.7;;2
1417;2010-12-31;P0216;2;;;;13;7;;2
1418;2010-12-31;P0217;2;;;;13;5.8;;2
1419;2010-12-31;Q0001;2;;;;14;19;;3
1420;2010-12-31;Q0002;2;;;;14;20.4;;0
1421;2010-12-31;Q0003;2;;;;14;20.3;;3
1422;2010-12-31;Q0004;2;;;;14;18.4;;3
1423;2010-12-31;Q0005;2;;;;14;18.2;;2
1424;2010-12-31;Q0006;2;;;;14;18.4;;2
1425;2010-12-31;Q0007;2;;;;14;18.4;;2
1426;2010-12-31;Q0008;2;;;;14;18.2;;0
1427;2010-12-31;Q0009;2;;;;14;18.1;;2
1428;2014-09-29;Q0010;2;;;;14;18;;2
1429;2014-09-29;Q0011;2;;;;14;18.5;;2
1430;2014-09-29;Q0012;2;;;;14;18.2;;0
1431;2014-09-29;Q0013;2;;;;14;18.4;;2
1432;2010-12-31;S0342;1;;;;16;37.3;;3
1433;2010-12-31;S0472;1;;;;16;39.2;;3
1434;2010-12-31;S0506;1;;;;16;40.3;;2
1435;2010-12-31;S0507;1;;;;16;44.2;;0
1436;2010-12-31;S0529;1;;;;16;43.6;;0
1437;2010-12-31;S0530;1;;;;16;43.8;;2
1438;2010-12-31;S0531;1;;;;16;43.2;;3
1439;2010-12-31;S0532;1;;;;16;42.8;;3
1440;2010-12-31;S0547;1;;;;16;43.9;;3
1441;2010-12-31;S0548;1;;;;16;40.9;;2
1442;2010-12-31;S0550;1;;;;16;40.5;;2
1443;2010-12-31;S0551;1;;;;16;43.8;;3
1444;2010-12-31;S0552;1;;;;16;42.8;;2
1445;2010-12-31;S0572;1;;;;16;38.6;;2
1446;2010-12-31;S0580;1;;;;16;40;;3
1447;2010-12-31;S0581;1;;;;16;44.2;;3
1448;2010-12-31;S0588;1;;;;16;40.6;;0
1449;2010-12-31;S0589;1;;;;16;41.2;;0
1450;2010-12-31;S0591;1;;;;16;45.3;;3
1451;2010-12-31;S0660;1;;;;16;39;;3
1452;2010-12-31;S0664;1;;;;16;37.7;;0
1453;2010-12-31;S0678;1;;;;16;41.8;;1
1454;2010-12-31;S0689;1;;;;16;43.7;;3
1455;2010-12-31;S0692;1;;;;16;45;;2
1456;2010-12-31;S0693;1;;;;16;42.7;;2
1457;2010-12-31;S0694;1;;;;16;42.8;;3
1458;2010-12-31;S0695;1;;;;16;43.6;;0
1459;2010-12-31;S0696;1;;;;16;42.4;;3
1460;2010-12-31;S0697;1;;;;16;39.1;;0
1461;2010-12-31;S0698;1;;;;16;40.2;;0
1462;2010-12-31;S0699;1;;;;16;43.4;;0
1463;2010-12-31;S0701;1;;;;16;42.3;;0
1464;2010-12-31;S0702;1;;;;16;40.2;;1
1465;2010-12-31;S0704;1;;;;16;41.1;;0
1466;2010-12-31;S0705;1;;;;16;42.5;;2
1467;2010-12-31;S0706;1;;;;16;40.3;;2
1468;2010-12-31;S0707;1;;;;16;42.6;;2
1469;2010-12-31;S0708;1;;;;16;39.9;;2
1470;2010-12-31;S0715;1;;;;16;36.6;;2
1471;2010-12-31;S0717;1;;;;16;40;;2
1472;2010-12-31;S0718;1;;;;16;44.1;;2
1473;2010-12-31;S0721;1;;;;16;44.2;;2
1474;2010-12-31;S0739;1;;;;16;41.2;;2
1475;2010-12-31;S0740;1;;;;16;41.7;;2
1476;2010-12-31;S0741;1;;;;16;41;;3
1477;2010-12-31;S0742;1;;;;16;45.3;;2
1478;2010-12-31;S0743;1;;;;16;39.8;;2
1479;2010-12-31;S0744;1;;;;16;38.8;;2
1480;2010-12-31;S0745;1;;;;16;46.5;;2
1481;2010-12-31;S0768;1;;;;16;38.4;;3
1482;2010-12-31;S0778;1;;;;16;40.2;;2
1483;2010-12-31;S0790;1;;;;16;39.2;;0
1484;2010-12-31;S0795;1;;;;16;42.6;;2
1485;2010-12-31;S0802;1;;;;16;39.8;;2
1486;2010-12-31;S0804;1;;;;16;43.6;;2
1487;2010-12-31;S0864;1;;;;16;47;;2
1488;2010-12-31;S0873;1;;;;16;46.7;;2
1489;2010-12-31;S0874;1;;;;16;37.4;;2
1490;2010-12-31;S0875;1;;;;16;47.3;;3
1491;2010-12-31;S0876;1;;;;16;41.3;;2
1492;2010-12-31;S0877;1;;;;16;44.1;;2
1493;2010-12-31;S0878;1;;;;16;41.3;;2
1494;2010-12-31;S0879;1;;;;16;43.2;;2
1495;2010-12-31;S0880;1;;;;16;44.1;;3
1496;2010-12-31;S0881;1;;;;16;38.2;;2
1497;2010-12-31;S0882;1;;;;16;38;;2
1498;2010-12-31;S0885;1;;;;16;44.7;;2
1499;2010-12-31;S0886;1;;;;16;42.2;;2
1500;2010-12-31;S0887;1;;;;16;47.4;;2
1501;2010-12-31;S0888;1;;;;16;39.3;;2
1502;2010-12-31;S0890;1;;;;16;45.6;;2
1503;2010-12-31;S0891;1;;;;16;46.4;;2
1504;2010-12-31;S0893;1;;;;16;46.7;;2
1505;2010-12-31;S0894;1;;;;16;47;;2
1506;2010-12-31;S0895;1;;;;16;40.7;;2
1507;2010-12-31;S0901;1;;;;16;39.2;;3
1508;2010-12-31;S0947;1;;;;16;40;;2
1509;2010-12-31;S0948;1;;;;16;44.9;;2
1510;2010-12-31;S1074;1;;;;16;45.7;;2
1511;2010-12-31;S1217;1;;;;16;42.3;;2
1512;1900-01-09;S1439;1;;;;16;42;;2
1513;2010-12-31;S1440;1;;;;16;41.4;;2
1514;2010-12-31;S1442;1;;;;16;41.7;;3
1515;2010-12-31;S1443;1;;;;16;41.5;;3
1516;2010-12-31;T0516;1;;;;17;37.7;;2
1517;2010-12-31;T1214;1;;;;17;32.3;;2
1518;2010-12-31;T1215;1;;;;17;31.4;;2
1519;2010-12-31;T1216;1;;;;17;34.1;;2
1520;2010-12-31;T1218;1;;;;17;26;;3
1521;2010-12-31;T1222;1;;;;17;31.8;;3
1522;2010-12-31;T1223;1;;;;17;33.1;;0
1523;2010-12-31;T1224;1;;;;17;31.7;;0
1524;2010-12-31;T1225;1;;;;17;32.8;;0
1525;2010-12-31;T1226;1;;;;17;32.6;;0
1526;2010-12-31;T1227;1;;;;17;31.6;;0
1527;2010-12-31;T1228;1;;;;17;32.6;;2
1528;2010-12-31;T1229;1;;;;17;33;;0
1529;2010-12-31;T1231;1;;;;17;31.2;;0
1530;2010-12-31;T1232;1;;;;17;31.6;;0
1531;2010-12-31;T1233;1;;;;17;34.8;;0
1532;2010-12-31;T1234;1;;;;17;34.3;;3
1533;2010-12-31;T1235;1;;;;17;34.4;;0
1534;2010-12-31;T1236;1;;;;17;33;;3
1535;2010-12-31;T1238;1;;;;17;37.8;;3
1536;2010-12-31;T1240;1;;;;17;31.4;;0
1537;2010-12-31;T1241;1;;;;17;31.7;;0
1538;2010-12-31;T1242;1;;;;17;33.2;;3
1539;2010-12-31;T1243;1;;;;17;32;;0
1540;2010-12-31;T1244;1;;;;17;32.2;;0
1541;2010-12-31;T1245;1;;;;17;32.3;;0
1542;2010-12-31;T1246;1;;;;17;32.6;;3
1543;2010-12-31;T1250;1;;;;17;31.6;;0
1544;2010-12-31;T1251;1;;;;17;25.2;;0
1545;2010-12-31;T1253;1;;;;17;36.7;;3
1546;2010-12-31;T1254;1;;;;17;32.9;;0
1547;2010-12-31;T1255;1;;;;17;33.9;;3
1548;2012-10-16;T1256;1;;;;17;33;;0
1549;2012-10-16;T1257;1;;;;17;31.4;;3
1550;2012-10-16;T1258;1;;;;17;31.6;;0
1551;2012-10-16;T1259;1;;;;17;37.8;;0
1552;2012-10-16;T1260;1;;;;17;37.8;;0
1553;2012-10-16;T1261;1;;;;17;30.2;;2
1554;2012-10-16;T1262;1;;;;17;37.7;;0
1555;2012-10-16;T1263;1;;;;17;34.4;;0
1556;2010-12-31;T1264;1;;;;17;32.3;;0
1557;2010-12-31;T1266;1;;;;17;31.6;;0
1558;2010-12-31;T1267;1;;;;17;23.5;;0
1559;2010-12-31;T1268;1;;;;17;32.4;;3
1560;2010-12-31;T1269;1;;;;17;33.8;;0
1561;2010-12-31;T1270;1;;;;17;34.4;;0
1562;2010-12-31;T1271;1;;;;17;33;;0
1563;2010-12-31;T1272;1;;;;17;31.2;;0
1564;2010-12-31;T1273;1;;;;17;32.4;;3
1565;2010-12-31;T1275;1;;;;17;37.7;;0
1566;2010-12-31;T1276;1;;;;17;31.2;;0
1567;2010-12-31;T1277;1;;;;17;25.8;;3
1568;2011-12-31;T1279;1;;;;17;25.8;;0
1569;2011-12-31;T1280;1;;;;17;31.2;;0
1570;2010-12-31;T1281;1;;;;17;31.7;;0
1571;2010-12-31;T1282;1;;;;17;32.3;;0
1572;2010-12-31;T1283;1;;;;17;34.5;;0
1573;2010-12-31;T1284;1;;;;17;33.7;;3
1574;2010-12-31;T1285;1;;;;17;25.8;;0
1575;2010-12-31;T1286;1;;;;17;33.2;;0
1576;2010-12-31;T1287;1;;;;17;37.7;;0
1577;2010-12-31;T1288;1;;;;17;37.2;;0
1578;2010-12-31;T1289;1;;;;17;25.2;;3
1579;2010-12-31;T1290;1;;;;17;31.4;;0
1580;2010-12-31;T1291;1;;;;17;31.6;;0
1581;2010-12-31;T1292;1;;;;17;26;;0
1582;2010-12-31;T1293;1;;;;17;32.3;;3
1583;2010-12-31;T1294;1;;;;17;37.4;;3
1584;2010-12-31;T1295;1;;;;17;33.8;;0
1585;2010-12-31;T1296;1;;;;17;34.6;;3
1586;2010-12-31;T1297;1;;;;17;37.8;;0
1587;2010-12-31;T1298;1;;;;17;37.8;;3
1588;2013-01-09;T1300;1;;;;17;32.4;;3
1589;2013-01-10;T1301;1;;;;17;29.4;;0
1590;2013-01-10;T1302;1;;;;17;34.5;;3
1591;2013-01-10;T1303;1;;;;17;38;;0
1592;2013-01-10;T1304;1;;;;17;37.8;;0
1593;2013-01-10;T1305;1;;;;17;37.7;;0
1594;2013-01-10;T1306;1;;;;17;37.4;;0
1595;2013-01-10;T1307;1;;;;17;36.6;;0
1596;2013-01-10;T1308;1;;;;17;33.4;;0
1597;2013-01-10;T1309;1;;;;17;33.9;;0
1598;2010-12-31;T1310;1;;;;17;37.8;;3
1599;2010-12-31;T1311;1;;;;17;36.2;;0
1600;2010-12-31;T1313;1;;;;17;34.4;;0
1601;2010-12-31;T1314;1;;;;17;34.2;;3
1602;2010-12-31;T1315;1;;;;17;31.7;;0
1603;2010-12-31;T1316;1;;;;17;30.3;;3
1604;2010-12-31;T1317;1;;;;17;31.9;;3
1605;2010-12-31;T1318;1;;;;17;36;;0
1606;2010-12-31;T1319;1;;;;17;37.9;;0
1607;2010-12-31;T1320;1;;;;17;37.8;;2
1608;2010-12-31;T1321;1;;;;17;31.6;;0
1609;2010-12-31;T1322;1;;;;17;33.4;;0
1610;2010-12-31;T1424;1;;;;17;34.3;;0
1611;2010-12-31;T1425;1;;;;17;31.6;;0
1612;2010-12-31;T1426;1;;;;17;32.3;;3
1613;2010-12-31;T1427;1;;;;17;33;;0
1614;2010-12-31;T1428;1;;;;17;32.5;;0
1615;2010-12-31;T1429;1;;;;17;31.9;;3
1616;2010-12-31;T1430;1;;;;17;34.3;;3
1617;2010-12-31;T1432;1;;;;17;34.5;;2
1618;2010-12-31;T1433;1;;;;17;33;;0
1619;2010-12-31;T1434;1;;;;17;34.4;;3
1620;2010-12-31;T1435;1;;;;17;33.6;;0
1621;2010-12-31;T1436;1;;;;17;34.5;;3
1622;2010-12-31;T1437;1;;;;17;34.9;;3
1623;2010-12-31;T1438;1;;;;17;34.8;;3
1624;2010-12-31;T1444;1;;;;17;31.2;;3
1625;2010-12-31;T1447;1;;;;17;26;;2
1626;2010-12-31;T1449;1;;;;17;30.6;;3
1627;2010-12-31;T1450;1;;;;17;31.9;;3
1628;2010-12-31;T1451;1;;;;17;32;;2
1629;2010-12-31;T1452;1;;;;17;29.7;;2
1630;2010-12-31;T1453;1;;;;17;37.7;;2
1631;2010-12-31;T1455;1;;;;17;32;;0
1632;2010-12-31;T1458;1;;;;17;38.2;;2
1633;2010-12-31;T1459;1;;;;17;31.6;;2
1634;2010-12-31;T1460;1;;;;17;31.1;;2
1635;2010-12-31;T1461;1;;;;17;33.2;;0
1636;2010-12-31;T1463;1;;;;17;25.5;;0
1637;2010-12-31;T1464;1;;;;17;25.6;;0
1638;2010-12-31;T1465;1;;;;17;31.6;;0
1639;2010-12-31;T1466;1;;;;17;25.8;;0
